date,cash,market_value,equity,realized_pnl,fills
2021-01-04,1000000.0,0.0,1000000.0,0.0,0
2021-01-05,1000000.0,0.0,1000000.0,0.0,0
2021-01-06,1000000.0,0.0,1000000.0,0.0,0
2021-01-07,1000000.0,0.0,1000000.0,0.0,0
2021-01-08,1000000.0,0.0,1000000.0,0.0,0
2021-01-11,1000000.0,0.0,1000000.0,0.0,0
2021-01-12,1000000.0,0.0,1000000.0,0.0,0
2021-01-13,1000000.0,0.0,1000000.0,0.0,0
2021-01-14,1000000.0,0.0,1000000.0,0.0,0
2021-01-15,1000000.0,0.0,1000000.0,0.0,0
2021-01-18,1000000.0,0.0,1000000.0,0.0,0
2021-01-19,1000000.0,0.0,1000000.0,0.0,0
2021-01-20,1000000.0,0.0,1000000.0,0.0,0
2021-01-21,1000000.0,0.0,1000000.0,0.0,0
2021-01-22,1000000.0,0.0,1000000.0,0.0,0
2021-01-25,1000000.0,0.0,1000000.0,0.0,0
2021-01-26,1000000.0,0.0,1000000.0,0.0,0
2021-01-27,1000000.0,0.0,1000000.0,0.0,0
2021-01-28,1000000.0,0.0,1000000.0,0.0,0
2021-01-29,1000000.0,0.0,1000000.0,0.0,0
2021-02-01,1000000.0,0.0,1000000.0,0.0,0
2021-02-02,1000000.0,0.0,1000000.0,0.0,0
2021-02-03,1000000.0,0.0,1000000.0,0.0,0
2021-02-04,1000000.0,0.0,1000000.0,0.0,0
2021-02-05,1000000.0,0.0,1000000.0,0.0,0
2021-02-08,1000000.0,0.0,1000000.0,0.0,0
2021-02-09,1000000.0,0.0,1000000.0,0.0,0
2021-02-10,1000000.0,0.0,1000000.0,0.0,0
2021-02-18,1000000.0,0.0,1000000.0,0.0,0
2021-02-19,1000000.0,0.0,1000000.0,0.0,0
2021-02-22,1000000.0,0.0,1000000.0,0.0,0
2021-02-23,1000000.0,0.0,1000000.0,0.0,0
2021-02-24,1000000.0,0.0,1000000.0,0.0,0
2021-02-25,1000000.0,0.0,1000000.0,0.0,0
2021-02-26,1000000.0,0.0,1000000.0,0.0,0
2021-03-01,1000000.0,0.0,1000000.0,0.0,0
2021-03-02,1000000.0,0.0,1000000.0,0.0,0
2021-03-03,1000000.0,0.0,1000000.0,0.0,0
2021-03-04,1000000.0,0.0,1000000.0,0.0,0
2021-03-05,1000000.0,0.0,1000000.0,0.0,0
2021-03-08,1000000.0,0.0,1000000.0,0.0,0
2021-03-09,1000000.0,0.0,1000000.0,0.0,0
2021-03-10,1000000.0,0.0,1000000.0,0.0,0
2021-03-11,1000000.0,0.0,1000000.0,0.0,0
2021-03-12,1000000.0,0.0,1000000.0,0.0,0
2021-03-15,1000000.0,0.0,1000000.0,0.0,0
2021-03-16,1000000.0,0.0,1000000.0,0.0,0
2021-03-17,1000000.0,0.0,1000000.0,0.0,0
2021-03-18,1000000.0,0.0,1000000.0,0.0,0
2021-03-19,1000000.0,0.0,1000000.0,0.0,0
2021-03-22,1000000.0,0.0,1000000.0,0.0,0
2021-03-23,1000000.0,0.0,1000000.0,0.0,0
2021-03-24,1000000.0,0.0,1000000.0,0.0,0
2021-03-25,1000000.0,0.0,1000000.0,0.0,0
2021-03-26,1000000.0,0.0,1000000.0,0.0,0
2021-03-29,1000000.0,0.0,1000000.0,0.0,0
2021-03-30,1000000.0,0.0,1000000.0,0.0,0
2021-03-31,1000000.0,0.0,1000000.0,0.0,0
2021-04-01,1000000.0,0.0,1000000.0,0.0,0
2021-04-02,1000000.0,0.0,1000000.0,0.0,0
2021-04-06,1000000.0,0.0,1000000.0,0.0,0
2021-04-07,1000000.0,0.0,1000000.0,0.0,0
2021-04-08,1000000.0,0.0,1000000.0,0.0,0
2021-04-09,1000000.0,0.0,1000000.0,0.0,0
2021-04-12,1000000.0,0.0,1000000.0,0.0,0
2021-04-13,1000000.0,0.0,1000000.0,0.0,0
2021-04-14,1000000.0,0.0,1000000.0,0.0,0
2021-04-15,1000000.0,0.0,1000000.0,0.0,0
2021-04-16,1000000.0,0.0,1000000.0,0.0,0
2021-04-19,1000000.0,0.0,1000000.0,0.0,0
2021-04-20,1000000.0,0.0,1000000.0,0.0,0
2021-04-21,1000000.0,0.0,1000000.0,0.0,0
2021-04-22,1000000.0,0.0,1000000.0,0.0,0
2021-04-23,1000000.0,0.0,1000000.0,0.0,0
2021-04-26,1000000.0,0.0,1000000.0,0.0,0
2021-04-27,1000000.0,0.0,1000000.0,0.0,0
2021-04-28,1000000.0,0.0,1000000.0,0.0,0
2021-04-29,1000000.0,0.0,1000000.0,0.0,0
2021-04-30,1000000.0,0.0,1000000.0,0.0,0
2021-05-06,1000000.0,0.0,1000000.0,0.0,0
2021-05-07,1000000.0,0.0,1000000.0,0.0,0
2021-05-10,1000000.0,0.0,1000000.0,0.0,0
2021-05-11,1000000.0,0.0,1000000.0,0.0,0
2021-05-12,1000000.0,0.0,1000000.0,0.0,0
2021-05-13,1000000.0,0.0,1000000.0,0.0,0
2021-05-14,1000000.0,0.0,1000000.0,0.0,0
2021-05-17,1000000.0,0.0,1000000.0,0.0,0
2021-05-18,1000000.0,0.0,1000000.0,0.0,0
2021-05-19,1000000.0,0.0,1000000.0,0.0,0
2021-05-20,1000000.0,0.0,1000000.0,0.0,0
2021-05-21,1000000.0,0.0,1000000.0,0.0,0
2021-05-24,1000000.0,0.0,1000000.0,0.0,0
2021-05-25,1000000.0,0.0,1000000.0,0.0,0
2021-05-26,1000000.0,0.0,1000000.0,0.0,0
2021-05-27,1000000.0,0.0,1000000.0,0.0,0
2021-05-28,1000000.0,0.0,1000000.0,0.0,0
2021-05-31,1000000.0,0.0,1000000.0,0.0,0
2021-06-01,1000000.0,0.0,1000000.0,0.0,0
2021-06-02,1000000.0,0.0,1000000.0,0.0,0
2021-06-03,1000000.0,0.0,1000000.0,0.0,0
2021-06-04,1000000.0,0.0,1000000.0,0.0,0
2021-06-07,1000000.0,0.0,1000000.0,0.0,0
2021-06-08,1000000.0,0.0,1000000.0,0.0,0
2021-06-09,1000000.0,0.0,1000000.0,0.0,0
2021-06-10,1000000.0,0.0,1000000.0,0.0,0
2021-06-11,1000000.0,0.0,1000000.0,0.0,0
2021-06-15,1000000.0,0.0,1000000.0,0.0,0
2021-06-16,1000000.0,0.0,1000000.0,0.0,0
2021-06-17,1000000.0,0.0,1000000.0,0.0,0
2021-06-18,1000000.0,0.0,1000000.0,0.0,0
2021-06-21,1000000.0,0.0,1000000.0,0.0,0
2021-06-22,1000000.0,0.0,1000000.0,0.0,0
2021-06-23,1000000.0,0.0,1000000.0,0.0,0
2021-06-24,1000000.0,0.0,1000000.0,0.0,0
2021-06-25,1000000.0,0.0,1000000.0,0.0,0
2021-06-28,1000000.0,0.0,1000000.0,0.0,0
2021-06-29,1000000.0,0.0,1000000.0,0.0,0
2021-06-30,1000000.0,0.0,1000000.0,0.0,0
2021-07-01,1000000.0,0.0,1000000.0,0.0,0
2021-07-02,1000000.0,0.0,1000000.0,0.0,0
2021-07-05,1000000.0,0.0,1000000.0,0.0,0
2021-07-06,1000000.0,0.0,1000000.0,0.0,0
2021-07-07,1000000.0,0.0,1000000.0,0.0,0
2021-07-08,1000000.0,0.0,1000000.0,0.0,0
2021-07-09,1000000.0,0.0,1000000.0,0.0,0
2021-07-12,1000000.0,0.0,1000000.0,0.0,0
2021-07-13,1000000.0,0.0,1000000.0,0.0,0
2021-07-14,1000000.0,0.0,1000000.0,0.0,0
2021-07-15,1000000.0,0.0,1000000.0,0.0,0
2021-07-16,1000000.0,0.0,1000000.0,0.0,0
2021-07-19,1000000.0,0.0,1000000.0,0.0,0
2021-07-20,1000000.0,0.0,1000000.0,0.0,0
2021-07-21,1000000.0,0.0,1000000.0,0.0,0
2021-07-22,1000000.0,0.0,1000000.0,0.0,0
2021-07-23,1000000.0,0.0,1000000.0,0.0,0
2021-07-26,1000000.0,0.0,1000000.0,0.0,0
2021-07-27,1000000.0,0.0,1000000.0,0.0,0
2021-07-28,1000000.0,0.0,1000000.0,0.0,0
2021-07-29,1000000.0,0.0,1000000.0,0.0,0
2021-07-30,1000000.0,0.0,1000000.0,0.0,0
2021-08-02,1000000.0,0.0,1000000.0,0.0,0
2021-08-03,1000000.0,0.0,1000000.0,0.0,0
2021-08-04,1000000.0,0.0,1000000.0,0.0,0
2021-08-05,1000000.0,0.0,1000000.0,0.0,0
2021-08-06,1000000.0,0.0,1000000.0,0.0,0
2021-08-09,1000000.0,0.0,1000000.0,0.0,0
2021-08-10,1000000.0,0.0,1000000.0,0.0,0
2021-08-11,1000000.0,0.0,1000000.0,0.0,0
2021-08-12,1000000.0,0.0,1000000.0,0.0,0
2021-08-13,1000000.0,0.0,1000000.0,0.0,0
2021-08-16,1000000.0,0.0,1000000.0,0.0,0
2021-08-17,1000000.0,0.0,1000000.0,0.0,0
2021-08-18,1000000.0,0.0,1000000.0,0.0,0
2021-08-19,1000000.0,0.0,1000000.0,0.0,0
2021-08-20,1000000.0,0.0,1000000.0,0.0,0
2021-08-23,1000000.0,0.0,1000000.0,0.0,0
2021-08-24,1000000.0,0.0,1000000.0,0.0,0
2021-08-25,1000000.0,0.0,1000000.0,0.0,0
2021-08-26,1000000.0,0.0,1000000.0,0.0,0
2021-08-27,1000000.0,0.0,1000000.0,0.0,0
2021-08-30,1000000.0,0.0,1000000.0,0.0,0
2021-08-31,1000000.0,0.0,1000000.0,0.0,0
2021-09-01,1000000.0,0.0,1000000.0,0.0,0
2021-09-02,1000000.0,0.0,1000000.0,0.0,0
2021-09-03,1000000.0,0.0,1000000.0,0.0,0
2021-09-06,1000000.0,0.0,1000000.0,0.0,0
2021-09-07,1000000.0,0.0,1000000.0,0.0,0
2021-09-08,1000000.0,0.0,1000000.0,0.0,0
2021-09-09,1000000.0,0.0,1000000.0,0.0,0
2021-09-10,1000000.0,0.0,1000000.0,0.0,0
2021-09-13,1000000.0,0.0,1000000.0,0.0,0
2021-09-14,1000000.0,0.0,1000000.0,0.0,0
2021-09-15,1000000.0,0.0,1000000.0,0.0,0
2021-09-16,1000000.0,0.0,1000000.0,0.0,0
2021-09-17,1000000.0,0.0,1000000.0,0.0,0
2021-09-22,1000000.0,0.0,1000000.0,0.0,0
2021-09-23,1000000.0,0.0,1000000.0,0.0,0
2021-09-24,1000000.0,0.0,1000000.0,0.0,0
2021-09-27,1000000.0,0.0,1000000.0,0.0,0
2021-09-28,1000000.0,0.0,1000000.0,0.0,0
2021-09-29,1000000.0,0.0,1000000.0,0.0,0
2021-09-30,1000000.0,0.0,1000000.0,0.0,0
2021-10-08,1000000.0,0.0,1000000.0,0.0,0
2021-10-11,1000000.0,0.0,1000000.0,0.0,0
2021-10-12,1000000.0,0.0,1000000.0,0.0,0
2021-10-13,1000000.0,0.0,1000000.0,0.0,0
2021-10-14,1000000.0,0.0,1000000.0,0.0,0
2021-10-15,1000000.0,0.0,1000000.0,0.0,0
2021-10-18,1000000.0,0.0,1000000.0,0.0,0
2021-10-19,1000000.0,0.0,1000000.0,0.0,0
2021-10-20,1000000.0,0.0,1000000.0,0.0,0
2021-10-21,1000000.0,0.0,1000000.0,0.0,0
2021-10-22,1000000.0,0.0,1000000.0,0.0,0
2021-10-25,1000000.0,0.0,1000000.0,0.0,0
2021-10-26,1000000.0,0.0,1000000.0,0.0,0
2021-10-27,1000000.0,0.0,1000000.0,0.0,0
2021-10-28,1000000.0,0.0,1000000.0,0.0,0
2021-10-29,1000000.0,0.0,1000000.0,0.0,0
2021-11-01,1000000.0,0.0,1000000.0,0.0,0
2021-11-02,1000000.0,0.0,1000000.0,0.0,0
2021-11-03,1000000.0,0.0,1000000.0,0.0,0
2021-11-04,1000000.0,0.0,1000000.0,0.0,0
2021-11-05,1000000.0,0.0,1000000.0,0.0,0
2021-11-08,1000000.0,0.0,1000000.0,0.0,0
2021-11-09,1000000.0,0.0,1000000.0,0.0,0
2021-11-10,1000000.0,0.0,1000000.0,0.0,0
2021-11-11,1000000.0,0.0,1000000.0,0.0,0
2021-11-12,1000000.0,0.0,1000000.0,0.0,0
2021-11-15,1000000.0,0.0,1000000.0,0.0,0
2021-11-16,1000000.0,0.0,1000000.0,0.0,0
2021-11-17,1000000.0,0.0,1000000.0,0.0,0
2021-11-18,1000000.0,0.0,1000000.0,0.0,0
2021-11-19,1000000.0,0.0,1000000.0,0.0,0
2021-11-22,1000000.0,0.0,1000000.0,0.0,0
2021-11-23,1000000.0,0.0,1000000.0,0.0,0
2021-11-24,1000000.0,0.0,1000000.0,0.0,0
2021-11-25,1000000.0,0.0,1000000.0,0.0,0
2021-11-26,1000000.0,0.0,1000000.0,0.0,0
2021-11-29,1000000.0,0.0,1000000.0,0.0,0
2021-11-30,153427.2849,846065.0,999492.2849,0.0,5
2021-12-01,153427.2849,865603.0,1019030.2849,0.0,0
2021-12-02,153427.2849,839301.0,992728.2849,0.0,0
2021-12-03,153427.2849,832646.0,986073.2849,0.0,0
2021-12-06,153427.2849,810396.0,963823.2849,0.0,0
2021-12-07,153427.2849,788398.0,941825.2849,0.0,0
2021-12-08,153427.2849,802452.0,955879.2849,0.0,0
2021-12-09,153427.2849,796109.0,949536.2849,0.0,0
2021-12-10,153427.2849,806618.0,960045.2849,0.0,0
2021-12-13,153427.2849,788429.0,941856.2849,0.0,0
2021-12-14,153427.2849,793223.0,946650.2849,0.0,0
2021-12-15,153427.2849,795969.0,949396.2849,0.0,0
2021-12-16,153427.2849,801587.0,955014.2849,0.0,0
2021-12-17,153427.2849,787592.0,941019.2849,0.0,0
2021-12-20,153427.2849,778215.0,931642.2849,0.0,0
2021-12-21,153427.2849,796054.0,949481.2849,0.0,0
2021-12-22,153427.2849,793414.0,946841.2849,0.0,0
2021-12-23,153427.2849,785131.0,938558.2849,0.0,0
2021-12-24,153427.2849,773269.0,926696.2849,0.0,0
2021-12-27,153427.2849,789714.0,943141.2849,0.0,0
2021-12-28,138948.9442,816241.0,955189.9442,0.0,1
2021-12-29,138948.9442,810621.0,949569.9442,0.0,0
2021-12-30,138948.9442,812436.0,951384.9442,0.0,0
2021-12-31,138948.9442,813092.0,952040.9442,0.0,0
2022-01-04,138948.9442,820240.0,959188.9442,0.0,0
2022-01-05,138948.9442,803203.0,942151.9442,0.0,0
2022-01-06,138948.9442,817869.0,956817.9442,0.0,0
2022-01-07,138948.9442,799847.0,938795.9442,0.0,0
2022-01-10,138948.9442,802257.0,941205.9442,0.0,0
2022-01-11,138948.9442,817425.0,956373.9442,0.0,0
2022-01-12,138948.9442,829013.0,967961.9442,0.0,0
2022-01-13,138948.9442,839433.0,978381.9442,0.0,0
2022-01-14,138948.9442,840415.0,979363.9442,0.0,0
2022-01-17,138948.9442,839897.0,978845.9442,0.0,0
2022-01-18,138948.9442,819029.0,957977.9442,0.0,0
2022-01-19,138948.9442,843612.0,982560.9442,0.0,0
2022-01-20,138948.9442,809512.0,948460.9442,0.0,0
2022-01-21,138948.9442,803050.0,941998.9442,0.0,0
2022-01-24,138948.9442,791669.0,930617.9442,0.0,0
2022-01-25,138948.9442,749531.0,888479.9442,0.0,0
2022-01-26,896646.9809,0.0,896646.9809,-103094.1234,5
2022-01-27,896646.9809,0.0,896646.9809,-103094.1234,0
2022-01-28,896646.9809,0.0,896646.9809,-103094.1234,0
2022-02-07,896646.9809,0.0,896646.9809,-103094.1234,0
2022-02-08,896646.9809,0.0,896646.9809,-103094.1234,0
2022-02-09,896646.9809,0.0,896646.9809,-103094.1234,0
2022-02-10,896646.9809,0.0,896646.9809,-103094.1234,0
2022-02-11,896646.9809,0.0,896646.9809,-103094.1234,0
2022-02-14,896646.9809,0.0,896646.9809,-103094.1234,0
2022-02-15,896646.9809,0.0,896646.9809,-103094.1234,0
2022-02-16,896646.9809,0.0,896646.9809,-103094.1234,0
2022-02-17,896646.9809,0.0,896646.9809,-103094.1234,0
2022-02-18,896646.9809,0.0,896646.9809,-103094.1234,0
2022-02-21,896646.9809,0.0,896646.9809,-103094.1234,0
2022-02-22,896646.9809,0.0,896646.9809,-103094.1234,0
2022-02-23,896646.9809,0.0,896646.9809,-103094.1234,0
2022-02-24,896646.9809,0.0,896646.9809,-103094.1234,0
2022-02-25,896646.9809,0.0,896646.9809,-103094.1234,0
2022-02-28,896646.9809,0.0,896646.9809,-103094.1234,0
2022-03-01,896646.9809,0.0,896646.9809,-103094.1234,0
2022-03-02,896646.9809,0.0,896646.9809,-103094.1234,0
2022-03-03,896646.9809,0.0,896646.9809,-103094.1234,0
2022-03-04,896646.9809,0.0,896646.9809,-103094.1234,0
2022-03-07,896646.9809,0.0,896646.9809,-103094.1234,0
2022-03-08,896646.9809,0.0,896646.9809,-103094.1234,0
2022-03-09,896646.9809,0.0,896646.9809,-103094.1234,0
2022-03-10,896646.9809,0.0,896646.9809,-103094.1234,0
2022-03-11,896646.9809,0.0,896646.9809,-103094.1234,0
2022-03-14,896646.9809,0.0,896646.9809,-103094.1234,0
2022-03-15,896646.9809,0.0,896646.9809,-103094.1234,0
2022-03-16,896646.9809,0.0,896646.9809,-103094.1234,0
2022-03-17,896646.9809,0.0,896646.9809,-103094.1234,0
2022-03-18,896646.9809,0.0,896646.9809,-103094.1234,0
2022-03-21,896646.9809,0.0,896646.9809,-103094.1234,0
2022-03-22,896646.9809,0.0,896646.9809,-103094.1234,0
2022-03-23,896646.9809,0.0,896646.9809,-103094.1234,0
2022-03-24,896646.9809,0.0,896646.9809,-103094.1234,0
2022-03-25,896646.9809,0.0,896646.9809,-103094.1234,0
2022-03-28,896646.9809,0.0,896646.9809,-103094.1234,0
2022-03-29,896646.9809,0.0,896646.9809,-103094.1234,0
2022-03-30,896646.9809,0.0,896646.9809,-103094.1234,0
2022-03-31,896646.9809,0.0,896646.9809,-103094.1234,0
2022-04-01,896646.9809,0.0,896646.9809,-103094.1234,0
2022-04-06,896646.9809,0.0,896646.9809,-103094.1234,0
2022-04-07,896646.9809,0.0,896646.9809,-103094.1234,0
2022-04-08,896646.9809,0.0,896646.9809,-103094.1234,0
2022-04-11,896646.9809,0.0,896646.9809,-103094.1234,0
2022-04-12,896646.9809,0.0,896646.9809,-103094.1234,0
2022-04-13,896646.9809,0.0,896646.9809,-103094.1234,0
2022-04-14,896646.9809,0.0,896646.9809,-103094.1234,0
2022-04-15,896646.9809,0.0,896646.9809,-103094.1234,0
2022-04-18,896646.9809,0.0,896646.9809,-103094.1234,0
2022-04-19,896646.9809,0.0,896646.9809,-103094.1234,0
2022-04-20,896646.9809,0.0,896646.9809,-103094.1234,0
2022-04-21,896646.9809,0.0,896646.9809,-103094.1234,0
2022-04-22,896646.9809,0.0,896646.9809,-103094.1234,0
2022-04-25,896646.9809,0.0,896646.9809,-103094.1234,0
2022-04-26,896646.9809,0.0,896646.9809,-103094.1234,0
2022-04-27,896646.9809,0.0,896646.9809,-103094.1234,0
2022-04-28,896646.9809,0.0,896646.9809,-103094.1234,0
2022-04-29,896646.9809,0.0,896646.9809,-103094.1234,0
2022-05-05,896646.9809,0.0,896646.9809,-103094.1234,0
2022-05-06,896646.9809,0.0,896646.9809,-103094.1234,0
2022-05-09,896646.9809,0.0,896646.9809,-103094.1234,0
2022-05-10,896646.9809,0.0,896646.9809,-103094.1234,0
2022-05-11,896646.9809,0.0,896646.9809,-103094.1234,0
2022-05-12,896646.9809,0.0,896646.9809,-103094.1234,0
2022-05-13,896646.9809,0.0,896646.9809,-103094.1234,0
2022-05-16,896646.9809,0.0,896646.9809,-103094.1234,0
2022-05-17,896646.9809,0.0,896646.9809,-103094.1234,0
2022-05-18,896646.9809,0.0,896646.9809,-103094.1234,0
2022-05-19,896646.9809,0.0,896646.9809,-103094.1234,0
2022-05-20,896646.9809,0.0,896646.9809,-103094.1234,0
2022-05-23,896646.9809,0.0,896646.9809,-103094.1234,0
2022-05-24,896646.9809,0.0,896646.9809,-103094.1234,0
2022-05-25,896646.9809,0.0,896646.9809,-103094.1234,0
2022-05-26,896646.9809,0.0,896646.9809,-103094.1234,0
2022-05-27,896646.9809,0.0,896646.9809,-103094.1234,0
2022-05-30,896646.9809,0.0,896646.9809,-103094.1234,0
2022-05-31,896646.9809,0.0,896646.9809,-103094.1234,0
2022-06-01,896646.9809,0.0,896646.9809,-103094.1234,0
2022-06-02,896646.9809,0.0,896646.9809,-103094.1234,0
2022-06-06,896646.9809,0.0,896646.9809,-103094.1234,0
2022-06-07,896646.9809,0.0,896646.9809,-103094.1234,0
2022-06-08,896646.9809,0.0,896646.9809,-103094.1234,0
2022-06-09,896646.9809,0.0,896646.9809,-103094.1234,0
2022-06-10,896646.9809,0.0,896646.9809,-103094.1234,0
2022-06-13,896646.9809,0.0,896646.9809,-103094.1234,0
2022-06-14,896646.9809,0.0,896646.9809,-103094.1234,0
2022-06-15,896646.9809,0.0,896646.9809,-103094.1234,0
2022-06-16,896646.9809,0.0,896646.9809,-103094.1234,0
2022-06-17,896646.9809,0.0,896646.9809,-103094.1234,0
2022-06-20,896646.9809,0.0,896646.9809,-103094.1234,0
2022-06-21,896646.9809,0.0,896646.9809,-103094.1234,0
2022-06-22,896646.9809,0.0,896646.9809,-103094.1234,0
2022-06-23,896646.9809,0.0,896646.9809,-103094.1234,0
2022-06-24,896646.9809,0.0,896646.9809,-103094.1234,0
2022-06-27,896646.9809,0.0,896646.9809,-103094.1234,0
2022-06-28,896646.9809,0.0,896646.9809,-103094.1234,0
2022-06-29,896646.9809,0.0,896646.9809,-103094.1234,0
2022-06-30,896646.9809,0.0,896646.9809,-103094.1234,0
2022-07-01,896646.9809,0.0,896646.9809,-103094.1234,0
2022-07-04,896646.9809,0.0,896646.9809,-103094.1234,0
2022-07-05,896646.9809,0.0,896646.9809,-103094.1234,0
2022-07-06,896646.9809,0.0,896646.9809,-103094.1234,0
2022-07-07,896646.9809,0.0,896646.9809,-103094.1234,0
2022-07-08,896646.9809,0.0,896646.9809,-103094.1234,0
2022-07-11,896646.9809,0.0,896646.9809,-103094.1234,0
2022-07-12,896646.9809,0.0,896646.9809,-103094.1234,0
2022-07-13,896646.9809,0.0,896646.9809,-103094.1234,0
2022-07-14,896646.9809,0.0,896646.9809,-103094.1234,0
2022-07-15,896646.9809,0.0,896646.9809,-103094.1234,0
2022-07-18,896646.9809,0.0,896646.9809,-103094.1234,0
2022-07-19,896646.9809,0.0,896646.9809,-103094.1234,0
2022-07-20,896646.9809,0.0,896646.9809,-103094.1234,0
2022-07-21,896646.9809,0.0,896646.9809,-103094.1234,0
2022-07-22,896646.9809,0.0,896646.9809,-103094.1234,0
2022-07-25,896646.9809,0.0,896646.9809,-103094.1234,0
2022-07-26,896646.9809,0.0,896646.9809,-103094.1234,0
2022-07-27,896646.9809,0.0,896646.9809,-103094.1234,0
2022-07-28,896646.9809,0.0,896646.9809,-103094.1234,0
2022-07-29,896646.9809,0.0,896646.9809,-103094.1234,0
2022-08-01,896646.9809,0.0,896646.9809,-103094.1234,0
2022-08-02,896646.9809,0.0,896646.9809,-103094.1234,0
2022-08-03,896646.9809,0.0,896646.9809,-103094.1234,0
2022-08-04,896646.9809,0.0,896646.9809,-103094.1234,0
2022-08-05,896646.9809,0.0,896646.9809,-103094.1234,0
2022-08-08,896646.9809,0.0,896646.9809,-103094.1234,0
2022-08-09,896646.9809,0.0,896646.9809,-103094.1234,0
2022-08-10,896646.9809,0.0,896646.9809,-103094.1234,0
2022-08-11,896646.9809,0.0,896646.9809,-103094.1234,0
2022-08-12,896646.9809,0.0,896646.9809,-103094.1234,0
2022-08-15,896646.9809,0.0,896646.9809,-103094.1234,0
2022-08-16,896646.9809,0.0,896646.9809,-103094.1234,0
2022-08-17,896646.9809,0.0,896646.9809,-103094.1234,0
2022-08-18,896646.9809,0.0,896646.9809,-103094.1234,0
2022-08-19,896646.9809,0.0,896646.9809,-103094.1234,0
2022-08-22,896646.9809,0.0,896646.9809,-103094.1234,0
2022-08-23,896646.9809,0.0,896646.9809,-103094.1234,0
2022-08-24,896646.9809,0.0,896646.9809,-103094.1234,0
2022-08-25,896646.9809,0.0,896646.9809,-103094.1234,0
2022-08-26,896646.9809,0.0,896646.9809,-103094.1234,0
2022-08-29,896646.9809,0.0,896646.9809,-103094.1234,0
2022-08-30,896646.9809,0.0,896646.9809,-103094.1234,0
2022-08-31,896646.9809,0.0,896646.9809,-103094.1234,0
2022-09-01,896646.9809,0.0,896646.9809,-103094.1234,0
2022-09-02,896646.9809,0.0,896646.9809,-103094.1234,0
2022-09-05,896646.9809,0.0,896646.9809,-103094.1234,0
2022-09-06,896646.9809,0.0,896646.9809,-103094.1234,0
2022-09-07,896646.9809,0.0,896646.9809,-103094.1234,0
2022-09-08,896646.9809,0.0,896646.9809,-103094.1234,0
2022-09-09,896646.9809,0.0,896646.9809,-103094.1234,0
2022-09-13,896646.9809,0.0,896646.9809,-103094.1234,0
2022-09-14,896646.9809,0.0,896646.9809,-103094.1234,0
2022-09-15,896646.9809,0.0,896646.9809,-103094.1234,0
2022-09-16,896646.9809,0.0,896646.9809,-103094.1234,0
2022-09-19,896646.9809,0.0,896646.9809,-103094.1234,0
2022-09-20,896646.9809,0.0,896646.9809,-103094.1234,0
2022-09-21,896646.9809,0.0,896646.9809,-103094.1234,0
2022-09-22,896646.9809,0.0,896646.9809,-103094.1234,0
2022-09-23,896646.9809,0.0,896646.9809,-103094.1234,0
2022-09-26,896646.9809,0.0,896646.9809,-103094.1234,0
2022-09-27,896646.9809,0.0,896646.9809,-103094.1234,0
2022-09-28,896646.9809,0.0,896646.9809,-103094.1234,0
2022-09-29,896646.9809,0.0,896646.9809,-103094.1234,0
2022-09-30,896646.9809,0.0,896646.9809,-103094.1234,0
2022-10-10,896646.9809,0.0,896646.9809,-103094.1234,0
2022-10-11,896646.9809,0.0,896646.9809,-103094.1234,0
2022-10-12,896646.9809,0.0,896646.9809,-103094.1234,0
2022-10-13,896646.9809,0.0,896646.9809,-103094.1234,0
2022-10-14,896646.9809,0.0,896646.9809,-103094.1234,0
2022-10-17,896646.9809,0.0,896646.9809,-103094.1234,0
2022-10-18,896646.9809,0.0,896646.9809,-103094.1234,0
2022-10-19,896646.9809,0.0,896646.9809,-103094.1234,0
2022-10-20,896646.9809,0.0,896646.9809,-103094.1234,0
2022-10-21,896646.9809,0.0,896646.9809,-103094.1234,0
2022-10-24,896646.9809,0.0,896646.9809,-103094.1234,0
2022-10-25,896646.9809,0.0,896646.9809,-103094.1234,0
2022-10-26,896646.9809,0.0,896646.9809,-103094.1234,0
2022-10-27,896646.9809,0.0,896646.9809,-103094.1234,0
2022-10-28,896646.9809,0.0,896646.9809,-103094.1234,0
2022-10-31,896646.9809,0.0,896646.9809,-103094.1234,0
2022-11-01,896646.9809,0.0,896646.9809,-103094.1234,0
2022-11-02,896646.9809,0.0,896646.9809,-103094.1234,0
2022-11-03,896646.9809,0.0,896646.9809,-103094.1234,0
2022-11-04,896646.9809,0.0,896646.9809,-103094.1234,0
2022-11-07,896646.9809,0.0,896646.9809,-103094.1234,0
2022-11-08,896646.9809,0.0,896646.9809,-103094.1234,0
2022-11-09,896646.9809,0.0,896646.9809,-103094.1234,0
2022-11-10,896646.9809,0.0,896646.9809,-103094.1234,0
2022-11-11,896646.9809,0.0,896646.9809,-103094.1234,0
2022-11-14,896646.9809,0.0,896646.9809,-103094.1234,0
2022-11-15,896646.9809,0.0,896646.9809,-103094.1234,0
2022-11-16,896646.9809,0.0,896646.9809,-103094.1234,0
2022-11-17,896646.9809,0.0,896646.9809,-103094.1234,0
2022-11-18,896646.9809,0.0,896646.9809,-103094.1234,0
2022-11-21,896646.9809,0.0,896646.9809,-103094.1234,0
2022-11-22,896646.9809,0.0,896646.9809,-103094.1234,0
2022-11-23,896646.9809,0.0,896646.9809,-103094.1234,0
2022-11-24,896646.9809,0.0,896646.9809,-103094.1234,0
2022-11-25,896646.9809,0.0,896646.9809,-103094.1234,0
2022-11-28,896646.9809,0.0,896646.9809,-103094.1234,0
2022-11-29,896646.9809,0.0,896646.9809,-103094.1234,0
2022-11-30,896646.9809,0.0,896646.9809,-103094.1234,0
2022-12-01,896646.9809,0.0,896646.9809,-103094.1234,0
2022-12-02,896646.9809,0.0,896646.9809,-103094.1234,0
2022-12-05,896646.9809,0.0,896646.9809,-103094.1234,0
2022-12-06,896646.9809,0.0,896646.9809,-103094.1234,0
2022-12-07,896646.9809,0.0,896646.9809,-103094.1234,0
2022-12-08,896646.9809,0.0,896646.9809,-103094.1234,0
2022-12-09,896646.9809,0.0,896646.9809,-103094.1234,0
2022-12-12,896646.9809,0.0,896646.9809,-103094.1234,0
2022-12-13,896646.9809,0.0,896646.9809,-103094.1234,0
2022-12-14,896646.9809,0.0,896646.9809,-103094.1234,0
2022-12-15,896646.9809,0.0,896646.9809,-103094.1234,0
2022-12-16,896646.9809,0.0,896646.9809,-103094.1234,0
2022-12-19,896646.9809,0.0,896646.9809,-103094.1234,0
2022-12-20,896646.9809,0.0,896646.9809,-103094.1234,0
2022-12-21,896646.9809,0.0,896646.9809,-103094.1234,0
2022-12-22,896646.9809,0.0,896646.9809,-103094.1234,0
2022-12-23,896646.9809,0.0,896646.9809,-103094.1234,0
2022-12-26,896646.9809,0.0,896646.9809,-103094.1234,0
2022-12-27,896646.9809,0.0,896646.9809,-103094.1234,0
2022-12-28,896646.9809,0.0,896646.9809,-103094.1234,0
2022-12-29,896646.9809,0.0,896646.9809,-103094.1234,0
2022-12-30,896646.9809,0.0,896646.9809,-103094.1234,0
2023-01-03,896646.9809,0.0,896646.9809,-103094.1234,0
2023-01-04,896646.9809,0.0,896646.9809,-103094.1234,0
2023-01-05,896646.9809,0.0,896646.9809,-103094.1234,0
2023-01-06,896646.9809,0.0,896646.9809,-103094.1234,0
2023-01-09,896646.9809,0.0,896646.9809,-103094.1234,0
2023-01-10,896646.9809,0.0,896646.9809,-103094.1234,0
2023-01-11,896646.9809,0.0,896646.9809,-103094.1234,0
2023-01-12,896646.9809,0.0,896646.9809,-103094.1234,0
2023-01-13,896646.9809,0.0,896646.9809,-103094.1234,0
2023-01-16,896646.9809,0.0,896646.9809,-103094.1234,0
2023-01-17,896646.9809,0.0,896646.9809,-103094.1234,0
2023-01-18,896646.9809,0.0,896646.9809,-103094.1234,0
2023-01-19,896646.9809,0.0,896646.9809,-103094.1234,0
2023-01-20,896646.9809,0.0,896646.9809,-103094.1234,0
2023-01-30,896646.9809,0.0,896646.9809,-103094.1234,0
2023-01-31,896646.9809,0.0,896646.9809,-103094.1234,0
2023-02-01,896646.9809,0.0,896646.9809,-103094.1234,0
2023-02-02,896646.9809,0.0,896646.9809,-103094.1234,0
2023-02-03,896646.9809,0.0,896646.9809,-103094.1234,0
2023-02-06,896646.9809,0.0,896646.9809,-103094.1234,0
2023-02-07,896646.9809,0.0,896646.9809,-103094.1234,0
2023-02-08,896646.9809,0.0,896646.9809,-103094.1234,0
2023-02-09,896646.9809,0.0,896646.9809,-103094.1234,0
2023-02-10,896646.9809,0.0,896646.9809,-103094.1234,0
2023-02-13,896646.9809,0.0,896646.9809,-103094.1234,0
2023-02-14,896646.9809,0.0,896646.9809,-103094.1234,0
2023-02-15,896646.9809,0.0,896646.9809,-103094.1234,0
2023-02-16,896646.9809,0.0,896646.9809,-103094.1234,0
2023-02-17,896646.9809,0.0,896646.9809,-103094.1234,0
2023-02-20,896646.9809,0.0,896646.9809,-103094.1234,0
2023-02-21,896646.9809,0.0,896646.9809,-103094.1234,0
2023-02-22,896646.9809,0.0,896646.9809,-103094.1234,0
2023-02-23,896646.9809,0.0,896646.9809,-103094.1234,0
2023-02-24,896646.9809,0.0,896646.9809,-103094.1234,0
2023-02-27,896646.9809,0.0,896646.9809,-103094.1234,0
2023-02-28,896646.9809,0.0,896646.9809,-103094.1234,0
2023-03-01,896646.9809,0.0,896646.9809,-103094.1234,0
2023-03-02,896646.9809,0.0,896646.9809,-103094.1234,0
2023-03-03,896646.9809,0.0,896646.9809,-103094.1234,0
2023-03-06,896646.9809,0.0,896646.9809,-103094.1234,0
2023-03-07,896646.9809,0.0,896646.9809,-103094.1234,0
2023-03-08,896646.9809,0.0,896646.9809,-103094.1234,0
2023-03-09,896646.9809,0.0,896646.9809,-103094.1234,0
2023-03-10,896646.9809,0.0,896646.9809,-103094.1234,0
2023-03-13,896646.9809,0.0,896646.9809,-103094.1234,0
2023-03-14,896646.9809,0.0,896646.9809,-103094.1234,0
2023-03-15,896646.9809,0.0,896646.9809,-103094.1234,0
2023-03-16,896646.9809,0.0,896646.9809,-103094.1234,0
2023-03-17,896646.9809,0.0,896646.9809,-103094.1234,0
2023-03-20,896646.9809,0.0,896646.9809,-103094.1234,0
2023-03-21,896646.9809,0.0,896646.9809,-103094.1234,0
2023-03-22,896646.9809,0.0,896646.9809,-103094.1234,0
2023-03-23,896646.9809,0.0,896646.9809,-103094.1234,0
2023-03-24,896646.9809,0.0,896646.9809,-103094.1234,0
2023-03-27,896646.9809,0.0,896646.9809,-103094.1234,0
2023-03-28,896646.9809,0.0,896646.9809,-103094.1234,0
2023-03-29,896646.9809,0.0,896646.9809,-103094.1234,0
2023-03-30,896646.9809,0.0,896646.9809,-103094.1234,0
2023-03-31,896646.9809,0.0,896646.9809,-103094.1234,0
2023-04-03,896646.9809,0.0,896646.9809,-103094.1234,0
2023-04-04,896646.9809,0.0,896646.9809,-103094.1234,0
2023-04-06,896646.9809,0.0,896646.9809,-103094.1234,0
2023-04-07,896646.9809,0.0,896646.9809,-103094.1234,0
2023-04-10,896646.9809,0.0,896646.9809,-103094.1234,0
2023-04-11,896646.9809,0.0,896646.9809,-103094.1234,0
2023-04-12,896646.9809,0.0,896646.9809,-103094.1234,0
2023-04-13,896646.9809,0.0,896646.9809,-103094.1234,0
2023-04-14,896646.9809,0.0,896646.9809,-103094.1234,0
2023-04-17,896646.9809,0.0,896646.9809,-103094.1234,0
2023-04-18,896646.9809,0.0,896646.9809,-103094.1234,0
2023-04-19,896646.9809,0.0,896646.9809,-103094.1234,0
2023-04-20,896646.9809,0.0,896646.9809,-103094.1234,0
2023-04-21,896646.9809,0.0,896646.9809,-103094.1234,0
2023-04-24,896646.9809,0.0,896646.9809,-103094.1234,0
2023-04-25,896646.9809,0.0,896646.9809,-103094.1234,0
2023-04-26,896646.9809,0.0,896646.9809,-103094.1234,0
2023-04-27,896646.9809,0.0,896646.9809,-103094.1234,0
2023-04-28,896646.9809,0.0,896646.9809,-103094.1234,0
2023-05-04,896646.9809,0.0,896646.9809,-103094.1234,0
2023-05-05,896646.9809,0.0,896646.9809,-103094.1234,0
2023-05-08,896646.9809,0.0,896646.9809,-103094.1234,0
2023-05-09,896646.9809,0.0,896646.9809,-103094.1234,0
2023-05-10,896646.9809,0.0,896646.9809,-103094.1234,0
2023-05-11,896646.9809,0.0,896646.9809,-103094.1234,0
2023-05-12,896646.9809,0.0,896646.9809,-103094.1234,0
2023-05-15,896646.9809,0.0,896646.9809,-103094.1234,0
2023-05-16,896646.9809,0.0,896646.9809,-103094.1234,0
2023-05-17,896646.9809,0.0,896646.9809,-103094.1234,0
2023-05-18,896646.9809,0.0,896646.9809,-103094.1234,0
2023-05-19,896646.9809,0.0,896646.9809,-103094.1234,0
2023-05-22,896646.9809,0.0,896646.9809,-103094.1234,0
2023-05-23,896646.9809,0.0,896646.9809,-103094.1234,0
2023-05-24,896646.9809,0.0,896646.9809,-103094.1234,0
2023-05-25,896646.9809,0.0,896646.9809,-103094.1234,0
2023-05-26,896646.9809,0.0,896646.9809,-103094.1234,0
2023-05-29,896646.9809,0.0,896646.9809,-103094.1234,0
2023-05-30,896646.9809,0.0,896646.9809,-103094.1234,0
2023-05-31,896646.9809,0.0,896646.9809,-103094.1234,0
2023-06-01,896646.9809,0.0,896646.9809,-103094.1234,0
2023-06-02,896646.9809,0.0,896646.9809,-103094.1234,0
2023-06-05,896646.9809,0.0,896646.9809,-103094.1234,0
2023-06-06,896646.9809,0.0,896646.9809,-103094.1234,0
2023-06-07,896646.9809,0.0,896646.9809,-103094.1234,0
2023-06-08,896646.9809,0.0,896646.9809,-103094.1234,0
2023-06-09,896646.9809,0.0,896646.9809,-103094.1234,0
2023-06-12,896646.9809,0.0,896646.9809,-103094.1234,0
2023-06-13,896646.9809,0.0,896646.9809,-103094.1234,0
2023-06-14,896646.9809,0.0,896646.9809,-103094.1234,0
2023-06-15,896646.9809,0.0,896646.9809,-103094.1234,0
2023-06-16,896646.9809,0.0,896646.9809,-103094.1234,0
2023-06-19,896646.9809,0.0,896646.9809,-103094.1234,0
2023-06-20,896646.9809,0.0,896646.9809,-103094.1234,0
2023-06-21,896646.9809,0.0,896646.9809,-103094.1234,0
2023-06-26,896646.9809,0.0,896646.9809,-103094.1234,0
2023-06-27,896646.9809,0.0,896646.9809,-103094.1234,0
2023-06-28,896646.9809,0.0,896646.9809,-103094.1234,0
2023-06-29,896646.9809,0.0,896646.9809,-103094.1234,0
2023-06-30,896646.9809,0.0,896646.9809,-103094.1234,0
2023-07-03,896646.9809,0.0,896646.9809,-103094.1234,0
2023-07-04,896646.9809,0.0,896646.9809,-103094.1234,0
2023-07-05,896646.9809,0.0,896646.9809,-103094.1234,0
2023-07-06,896646.9809,0.0,896646.9809,-103094.1234,0
2023-07-07,896646.9809,0.0,896646.9809,-103094.1234,0
2023-07-10,896646.9809,0.0,896646.9809,-103094.1234,0
2023-07-11,896646.9809,0.0,896646.9809,-103094.1234,0
2023-07-12,896646.9809,0.0,896646.9809,-103094.1234,0
2023-07-13,896646.9809,0.0,896646.9809,-103094.1234,0
2023-07-14,896646.9809,0.0,896646.9809,-103094.1234,0
2023-07-17,896646.9809,0.0,896646.9809,-103094.1234,0
2023-07-18,896646.9809,0.0,896646.9809,-103094.1234,0
2023-07-19,896646.9809,0.0,896646.9809,-103094.1234,0
2023-07-20,896646.9809,0.0,896646.9809,-103094.1234,0
2023-07-21,896646.9809,0.0,896646.9809,-103094.1234,0
2023-07-24,896646.9809,0.0,896646.9809,-103094.1234,0
2023-07-25,896646.9809,0.0,896646.9809,-103094.1234,0
2023-07-26,896646.9809,0.0,896646.9809,-103094.1234,0
2023-07-27,896646.9809,0.0,896646.9809,-103094.1234,0
2023-07-28,896646.9809,0.0,896646.9809,-103094.1234,0
2023-07-31,896646.9809,0.0,896646.9809,-103094.1234,0
2023-08-01,896646.9809,0.0,896646.9809,-103094.1234,0
2023-08-02,896646.9809,0.0,896646.9809,-103094.1234,0
2023-08-03,896646.9809,0.0,896646.9809,-103094.1234,0
2023-08-04,896646.9809,0.0,896646.9809,-103094.1234,0
2023-08-07,896646.9809,0.0,896646.9809,-103094.1234,0
2023-08-08,896646.9809,0.0,896646.9809,-103094.1234,0
2023-08-09,896646.9809,0.0,896646.9809,-103094.1234,0
2023-08-10,896646.9809,0.0,896646.9809,-103094.1234,0
2023-08-11,896646.9809,0.0,896646.9809,-103094.1234,0
2023-08-14,896646.9809,0.0,896646.9809,-103094.1234,0
2023-08-15,896646.9809,0.0,896646.9809,-103094.1234,0
2023-08-16,896646.9809,0.0,896646.9809,-103094.1234,0
2023-08-17,896646.9809,0.0,896646.9809,-103094.1234,0
2023-08-18,896646.9809,0.0,896646.9809,-103094.1234,0
2023-08-21,896646.9809,0.0,896646.9809,-103094.1234,0
2023-08-22,896646.9809,0.0,896646.9809,-103094.1234,0
2023-08-23,896646.9809,0.0,896646.9809,-103094.1234,0
2023-08-24,896646.9809,0.0,896646.9809,-103094.1234,0
2023-08-25,896646.9809,0.0,896646.9809,-103094.1234,0
2023-08-28,896646.9809,0.0,896646.9809,-103094.1234,0
2023-08-29,896646.9809,0.0,896646.9809,-103094.1234,0
2023-08-30,896646.9809,0.0,896646.9809,-103094.1234,0
2023-08-31,896646.9809,0.0,896646.9809,-103094.1234,0
2023-09-01,896646.9809,0.0,896646.9809,-103094.1234,0
2023-09-04,896646.9809,0.0,896646.9809,-103094.1234,0
2023-09-05,896646.9809,0.0,896646.9809,-103094.1234,0
2023-09-06,896646.9809,0.0,896646.9809,-103094.1234,0
2023-09-07,896646.9809,0.0,896646.9809,-103094.1234,0
2023-09-08,896646.9809,0.0,896646.9809,-103094.1234,0
2023-09-11,896646.9809,0.0,896646.9809,-103094.1234,0
2023-09-12,896646.9809,0.0,896646.9809,-103094.1234,0
2023-09-13,896646.9809,0.0,896646.9809,-103094.1234,0
2023-09-14,896646.9809,0.0,896646.9809,-103094.1234,0
2023-09-15,896646.9809,0.0,896646.9809,-103094.1234,0
2023-09-18,896646.9809,0.0,896646.9809,-103094.1234,0
2023-09-19,896646.9809,0.0,896646.9809,-103094.1234,0
2023-09-20,896646.9809,0.0,896646.9809,-103094.1234,0
2023-09-21,896646.9809,0.0,896646.9809,-103094.1234,0
2023-09-22,896646.9809,0.0,896646.9809,-103094.1234,0
2023-09-25,896646.9809,0.0,896646.9809,-103094.1234,0
2023-09-26,896646.9809,0.0,896646.9809,-103094.1234,0
2023-09-27,896646.9809,0.0,896646.9809,-103094.1234,0
2023-09-28,896646.9809,0.0,896646.9809,-103094.1234,0
2023-10-09,896646.9809,0.0,896646.9809,-103094.1234,0
2023-10-10,896646.9809,0.0,896646.9809,-103094.1234,0
2023-10-11,896646.9809,0.0,896646.9809,-103094.1234,0
2023-10-12,896646.9809,0.0,896646.9809,-103094.1234,0
2023-10-13,896646.9809,0.0,896646.9809,-103094.1234,0
2023-10-16,896646.9809,0.0,896646.9809,-103094.1234,0
2023-10-17,896646.9809,0.0,896646.9809,-103094.1234,0
2023-10-18,896646.9809,0.0,896646.9809,-103094.1234,0
2023-10-19,896646.9809,0.0,896646.9809,-103094.1234,0
2023-10-20,896646.9809,0.0,896646.9809,-103094.1234,0
2023-10-23,896646.9809,0.0,896646.9809,-103094.1234,0
2023-10-24,896646.9809,0.0,896646.9809,-103094.1234,0
2023-10-25,896646.9809,0.0,896646.9809,-103094.1234,0
2023-10-26,896646.9809,0.0,896646.9809,-103094.1234,0
2023-10-27,896646.9809,0.0,896646.9809,-103094.1234,0
2023-10-30,896646.9809,0.0,896646.9809,-103094.1234,0
2023-10-31,896646.9809,0.0,896646.9809,-103094.1234,0
2023-11-01,896646.9809,0.0,896646.9809,-103094.1234,0
2023-11-02,896646.9809,0.0,896646.9809,-103094.1234,0
2023-11-03,896646.9809,0.0,896646.9809,-103094.1234,0
2023-11-06,896646.9809,0.0,896646.9809,-103094.1234,0
2023-11-07,896646.9809,0.0,896646.9809,-103094.1234,0
2023-11-08,896646.9809,0.0,896646.9809,-103094.1234,0
2023-11-09,896646.9809,0.0,896646.9809,-103094.1234,0
2023-11-10,896646.9809,0.0,896646.9809,-103094.1234,0
2023-11-13,896646.9809,0.0,896646.9809,-103094.1234,0
2023-11-14,896646.9809,0.0,896646.9809,-103094.1234,0
2023-11-15,896646.9809,0.0,896646.9809,-103094.1234,0
2023-11-16,896646.9809,0.0,896646.9809,-103094.1234,0
2023-11-17,896646.9809,0.0,896646.9809,-103094.1234,0
2023-11-20,896646.9809,0.0,896646.9809,-103094.1234,0
2023-11-21,896646.9809,0.0,896646.9809,-103094.1234,0
2023-11-22,896646.9809,0.0,896646.9809,-103094.1234,0
2023-11-23,896646.9809,0.0,896646.9809,-103094.1234,0
2023-11-24,896646.9809,0.0,896646.9809,-103094.1234,0
2023-11-27,896646.9809,0.0,896646.9809,-103094.1234,0
2023-11-28,896646.9809,0.0,896646.9809,-103094.1234,0
2023-11-29,896646.9809,0.0,896646.9809,-103094.1234,0
2023-11-30,896646.9809,0.0,896646.9809,-103094.1234,0
2023-12-01,896646.9809,0.0,896646.9809,-103094.1234,0
2023-12-04,896646.9809,0.0,896646.9809,-103094.1234,0
2023-12-05,896646.9809,0.0,896646.9809,-103094.1234,0
2023-12-06,896646.9809,0.0,896646.9809,-103094.1234,0
2023-12-07,896646.9809,0.0,896646.9809,-103094.1234,0
2023-12-08,896646.9809,0.0,896646.9809,-103094.1234,0
2023-12-11,896646.9809,0.0,896646.9809,-103094.1234,0
2023-12-12,896646.9809,0.0,896646.9809,-103094.1234,0
2023-12-13,896646.9809,0.0,896646.9809,-103094.1234,0
2023-12-14,896646.9809,0.0,896646.9809,-103094.1234,0
2023-12-15,896646.9809,0.0,896646.9809,-103094.1234,0
2023-12-18,896646.9809,0.0,896646.9809,-103094.1234,0
2023-12-19,896646.9809,0.0,896646.9809,-103094.1234,0
2023-12-20,896646.9809,0.0,896646.9809,-103094.1234,0
2023-12-21,896646.9809,0.0,896646.9809,-103094.1234,0
2023-12-22,896646.9809,0.0,896646.9809,-103094.1234,0
2023-12-25,896646.9809,0.0,896646.9809,-103094.1234,0
2023-12-26,896646.9809,0.0,896646.9809,-103094.1234,0
2023-12-27,896646.9809,0.0,896646.9809,-103094.1234,0
2023-12-28,896646.9809,0.0,896646.9809,-103094.1234,0
2023-12-29,896646.9809,0.0,896646.9809,-103094.1234,0
2024-01-02,896646.9809,0.0,896646.9809,-103094.1234,0
2024-01-03,896646.9809,0.0,896646.9809,-103094.1234,0
2024-01-04,896646.9809,0.0,896646.9809,-103094.1234,0
2024-01-05,896646.9809,0.0,896646.9809,-103094.1234,0
2024-01-08,896646.9809,0.0,896646.9809,-103094.1234,0
2024-01-09,896646.9809,0.0,896646.9809,-103094.1234,0
2024-01-10,896646.9809,0.0,896646.9809,-103094.1234,0
2024-01-11,896646.9809,0.0,896646.9809,-103094.1234,0
2024-01-12,896646.9809,0.0,896646.9809,-103094.1234,0
2024-01-15,896646.9809,0.0,896646.9809,-103094.1234,0
2024-01-16,896646.9809,0.0,896646.9809,-103094.1234,0
2024-01-17,896646.9809,0.0,896646.9809,-103094.1234,0
2024-01-18,896646.9809,0.0,896646.9809,-103094.1234,0
2024-01-19,896646.9809,0.0,896646.9809,-103094.1234,0
2024-01-22,896646.9809,0.0,896646.9809,-103094.1234,0
2024-01-23,896646.9809,0.0,896646.9809,-103094.1234,0
2024-01-24,896646.9809,0.0,896646.9809,-103094.1234,0
2024-01-25,896646.9809,0.0,896646.9809,-103094.1234,0
2024-01-26,896646.9809,0.0,896646.9809,-103094.1234,0
2024-01-29,896646.9809,0.0,896646.9809,-103094.1234,0
2024-01-30,896646.9809,0.0,896646.9809,-103094.1234,0
2024-01-31,896646.9809,0.0,896646.9809,-103094.1234,0
2024-02-01,896646.9809,0.0,896646.9809,-103094.1234,0
2024-02-02,896646.9809,0.0,896646.9809,-103094.1234,0
2024-02-05,896646.9809,0.0,896646.9809,-103094.1234,0
2024-02-06,896646.9809,0.0,896646.9809,-103094.1234,0
2024-02-07,896646.9809,0.0,896646.9809,-103094.1234,0
2024-02-08,896646.9809,0.0,896646.9809,-103094.1234,0
2024-02-19,896646.9809,0.0,896646.9809,-103094.1234,0
2024-02-20,896646.9809,0.0,896646.9809,-103094.1234,0
2024-02-21,896646.9809,0.0,896646.9809,-103094.1234,0
2024-02-22,896646.9809,0.0,896646.9809,-103094.1234,0
2024-02-23,896646.9809,0.0,896646.9809,-103094.1234,0
2024-02-26,896646.9809,0.0,896646.9809,-103094.1234,0
2024-02-27,896646.9809,0.0,896646.9809,-103094.1234,0
2024-02-28,896646.9809,0.0,896646.9809,-103094.1234,0
2024-02-29,896646.9809,0.0,896646.9809,-103094.1234,0
2024-03-01,896646.9809,0.0,896646.9809,-103094.1234,0
2024-03-04,896646.9809,0.0,896646.9809,-103094.1234,0
2024-03-05,896646.9809,0.0,896646.9809,-103094.1234,0
2024-03-06,896646.9809,0.0,896646.9809,-103094.1234,0
2024-03-07,896646.9809,0.0,896646.9809,-103094.1234,0
2024-03-08,896646.9809,0.0,896646.9809,-103094.1234,0
2024-03-11,896646.9809,0.0,896646.9809,-103094.1234,0
2024-03-12,896646.9809,0.0,896646.9809,-103094.1234,0
2024-03-13,896646.9809,0.0,896646.9809,-103094.1234,0
2024-03-14,896646.9809,0.0,896646.9809,-103094.1234,0
2024-03-15,896646.9809,0.0,896646.9809,-103094.1234,0
2024-03-18,896646.9809,0.0,896646.9809,-103094.1234,0
2024-03-19,896646.9809,0.0,896646.9809,-103094.1234,0
2024-03-20,896646.9809,0.0,896646.9809,-103094.1234,0
2024-03-21,896646.9809,0.0,896646.9809,-103094.1234,0
2024-03-22,139651.588,756541.4,896192.988,-103094.1234,5
2024-03-25,139651.588,706884.4,846535.988,-103094.1234,0
2024-03-26,139651.588,693792.2,833443.788,-103094.1234,0
2024-03-27,139651.588,681487.3,821138.888,-103094.1234,0
2024-03-28,139651.588,706784.2,846435.788,-103094.1234,0
2024-03-29,139651.588,704102.8,843754.388,-103094.1234,0
2024-04-01,139651.588,706292.3,845943.888,-103094.1234,0
2024-04-02,139651.588,677559.7,817211.288,-103094.1234,0
2024-04-03,139651.588,651332.2,790983.788,-103094.1234,0
2024-04-08,139651.588,618640.3,758291.888,-103094.1234,0
2024-04-09,139651.588,611554.7,751206.288,-103094.1234,0
2024-04-10,139651.588,616237.8,755889.388,-103094.1234,0
2024-04-11,139651.588,614800.2,754451.788,-103094.1234,0
2024-04-12,139651.588,608679.9,748331.488,-103094.1234,0
2024-04-15,139651.588,568388.7,708040.288,-103094.1234,0
2024-04-16,139651.588,513867.7,653519.288,-103094.1234,0
2024-04-17,139651.588,553902.7,693554.288,-103094.1234,0
2024-04-18,139651.588,561665.2,701316.788,-103094.1234,0
2024-04-19,139651.588,548568.9,688220.488,-103094.1234,0
2024-04-22,139651.588,537046.9,676698.488,-103094.1234,0
2024-04-23,103678.0009,584849.6,688527.6009,-264443.4045,13
2024-04-24,103678.0009,597116.6,700794.6009,-264443.4045,0
2024-04-25,103678.0009,603902.6,707580.6009,-264443.4045,0
2024-04-26,103678.0009,613509.1,717187.1009,-264443.4045,0
2024-04-29,103678.0009,628776.1,732454.1009,-264443.4045,0
2024-04-30,103678.0009,626303.1,729981.1009,-264443.4045,0
2024-05-06,103678.0009,638445.6,742123.6009,-264443.4045,0
2024-05-07,103678.0009,642582.1,746260.1009,-264443.4045,0
2024-05-08,103678.0009,631711.6,735389.6009,-264443.4045,0
2024-05-09,103678.0009,642561.6,746239.6009,-264443.4045,0
2024-05-10,103678.0009,636842.8,740520.8009,-264443.4045,0
2024-05-13,103678.0009,629218.3,732896.3009,-264443.4045,0
2024-05-14,103678.0009,641640.3,745318.3009,-264443.4045,0
2024-05-15,103678.0009,641607.3,745285.3009,-264443.4045,0
2024-05-16,103678.0009,642124.8,745802.8009,-264443.4045,0
2024-05-17,103678.0009,646601.3,750279.3009,-264443.4045,0
2024-05-20,103678.0009,650847.3,754525.3009,-264443.4045,0
2024-05-21,103678.0009,644489.3,748167.3009,-264443.4045,0
2024-05-22,103678.0009,642400.3,746078.3009,-264443.4045,0
2024-05-23,103678.0009,630024.3,733702.3009,-264443.4045,0
2024-05-24,112471.9344,612338.4,724810.3344,-311473.5954,11
2024-05-27,112471.9344,627646.4,740118.3344,-311473.5954,0
2024-05-28,112471.9344,622374.0,734845.9344,-311473.5954,0
2024-05-29,112471.9344,619840.9,732312.8344,-311473.5954,0
2024-05-30,112471.9344,613502.2,725974.1344,-311473.5954,0
2024-05-31,112471.9344,618408.3,730880.2344,-311473.5954,0
2024-06-03,112471.9344,610789.1,723261.0344,-311473.5954,0
2024-06-04,112471.9344,606638.6,719110.5344,-311473.5954,0
2024-06-05,112471.9344,589386.4,701858.3344,-311473.5954,0
2024-06-06,112471.9344,576758.4,689230.3344,-311473.5954,0
2024-06-07,112471.9344,584025.1,696497.0344,-311473.5954,0
2024-06-11,112471.9344,587576.9,700048.8344,-311473.5954,0
2024-06-12,112471.9344,599120.1,711592.0344,-311473.5954,0
2024-06-13,112471.9344,598316.3,710788.2344,-311473.5954,0
2024-06-14,112471.9344,603795.2,716267.1344,-311473.5954,0
2024-06-17,112471.9344,592889.3,705361.2344,-311473.5954,0
2024-06-18,112471.9344,608110.7,720582.6344,-311473.5954,0
2024-06-19,112471.9344,602935.0,715406.9344,-311473.5954,0
2024-06-20,112471.9344,590815.4,703287.3344,-311473.5954,0
2024-06-21,112471.9344,595303.4,707775.3344,-311473.5954,0
2024-06-24,103897.9156,579159.5,683057.4156,-335126.8029,11
2024-06-25,103897.9156,576755.3,680653.2156,-335126.8029,0
2024-06-26,103897.9156,590961.3,694859.2156,-335126.8029,0
2024-06-27,103897.9156,577713.6,681611.5156,-335126.8029,0
2024-06-28,103897.9156,582669.4,686567.3156,-335126.8029,0
2024-07-01,103897.9156,570895.6,674793.5156,-335126.8029,0
2024-07-02,103897.9156,566430.4,670328.3156,-335126.8029,0
2024-07-03,103897.9156,549300.9,653198.8156,-335126.8029,0
2024-07-04,103897.9156,533515.9,637413.8156,-335126.8029,0
2024-07-05,103897.9156,535286.4,639184.3156,-335126.8029,0
2024-07-08,103897.9156,521067.9,624965.8156,-335126.8029,0
2024-07-09,103897.9156,535108.4,639006.3156,-335126.8029,0
2024-07-10,103897.9156,528953.6,632851.5156,-335126.8029,0
2024-07-11,103897.9156,543769.5,647667.4156,-335126.8029,0
2024-07-12,103897.9156,545272.9,649170.8156,-335126.8029,0
2024-07-15,103897.9156,540005.6,643903.5156,-335126.8029,0
2024-07-16,103897.9156,542237.0,646134.9156,-335126.8029,0
2024-07-17,103897.9156,535738.4,639636.3156,-335126.8029,0
2024-07-18,103897.9156,532283.7,636181.6156,-335126.8029,0
2024-07-19,103897.9156,538881.8,642779.7156,-335126.8029,0
2024-07-22,573351.4698,71757.0,645108.4698,-353673.0166,7
2024-07-23,573351.4698,68607.0,641958.4698,-353673.0166,0
2024-07-24,573351.4698,66654.0,640005.4698,-353673.0166,0
2024-07-25,573351.4698,67032.0,640383.4698,-353673.0166,0
2024-07-26,573351.4698,67032.0,640383.4698,-353673.0166,0
2024-07-29,573351.4698,66780.0,640131.4698,-353673.0166,0
2024-07-30,573351.4698,66843.0,640194.4698,-353673.0166,0
2024-07-31,573351.4698,70560.0,643911.4698,-353673.0166,0
2024-08-01,573351.4698,70371.0,643722.4698,-353673.0166,0
2024-08-02,573351.4698,69426.0,642777.4698,-353673.0166,0
2024-08-05,573351.4698,68985.0,642336.4698,-353673.0166,0
2024-08-06,573351.4698,72009.0,645360.4698,-353673.0166,0
2024-08-07,573351.4698,70497.0,643848.4698,-353673.0166,0
2024-08-08,573351.4698,71127.0,644478.4698,-353673.0166,0
2024-08-09,573351.4698,69552.0,642903.4698,-353673.0166,0
2024-08-12,573351.4698,69615.0,642966.4698,-353673.0166,0
2024-08-13,573351.4698,70056.0,643407.4698,-353673.0166,0
2024-08-14,573351.4698,70686.0,644037.4698,-353673.0166,0
2024-08-15,573351.4698,71946.0,645297.4698,-353673.0166,0
2024-08-16,573351.4698,70371.0,643722.4698,-353673.0166,0
2024-08-19,102589.0292,541199.3,643788.3292,-355068.0294,11
2024-08-20,102589.0292,526829.7,629418.7292,-355068.0294,0
2024-08-21,102589.0292,523492.3,626081.3292,-355068.0294,0
2024-08-22,102589.0292,517165.7,619754.7292,-355068.0294,0
2024-08-23,102589.0292,511387.2,613976.2292,-355068.0294,0
2024-08-26,102589.0292,525883.5,628472.5292,-355068.0294,0
2024-08-27,102589.0292,521549.0,624138.0292,-355068.0294,0
2024-08-28,102589.0292,525799.4,628388.4292,-355068.0294,0
2024-08-29,102589.0292,538164.2,640753.2292,-355068.0294,0
2024-08-30,102589.0292,552416.3,655005.3292,-355068.0294,0
2024-09-02,102589.0292,553256.5,655845.5292,-355068.0294,0
2024-09-03,102589.0292,550171.0,652760.0292,-355068.0294,0
2024-09-04,102589.0292,552794.5,655383.5292,-355068.0294,0
2024-09-05,102589.0292,546632.2,649221.2292,-355068.0294,0
2024-09-06,102589.0292,528563.4,631152.4292,-355068.0294,0
2024-09-09,102589.0292,531525.9,634114.9292,-355068.0294,0
2024-09-10,102589.0292,542967.7,645556.7292,-355068.0294,0
2024-09-11,102589.0292,541085.6,643674.6292,-355068.0294,0
2024-09-12,102589.0292,532162.5,634751.5292,-355068.0294,0
2024-09-13,102589.0292,529351.9,631940.9292,-355068.0294,0
2024-09-18,95733.1947,521733.5,617466.6947,-385119.9092,15
2024-09-19,95733.1947,529352.9,625086.0947,-385119.9092,0
2024-09-20,95733.1947,521331.3,617064.4947,-385119.9092,0
2024-09-23,95733.1947,530029.3,625762.4947,-385119.9092,0
2024-09-24,95733.1947,545018.7,640751.8947,-385119.9092,0
2024-09-25,95733.1947,550278.3,646011.4947,-385119.9092,0
2024-09-26,95733.1947,566792.7,662525.8947,-385119.9092,0
2024-09-27,95733.1947,590746.5,686479.6947,-385119.9092,0
2024-09-30,95733.1947,641017.3,736750.4947,-385119.9092,0
2024-10-08,95733.1947,683781.9,779515.0947,-385119.9092,0
2024-10-09,95733.1947,646807.9,742541.0947,-385119.9092,0
2024-10-10,95733.1947,634910.9,730644.0947,-385119.9092,0
2024-10-11,95733.1947,614929.5,710662.6947,-385119.9092,0
2024-10-14,95733.1947,630906.1,726639.2947,-385119.9092,0
2024-10-15,95733.1947,645540.7,741273.8947,-385119.9092,0
2024-10-16,95733.1947,634312.5,730045.6947,-385119.9092,0
2024-10-17,95733.1947,648561.5,744294.6947,-385119.9092,0
2024-10-18,95733.1947,649889.1,745622.2947,-385119.9092,0
2024-10-21,95733.1947,664814.5,760547.6947,-385119.9092,0
2024-10-22,95733.1947,670660.9,766394.0947,-385119.9092,0
2024-10-23,115890.6812,651451.9,767342.5812,-320649.1468,12
2024-10-24,115890.6812,652053.3,767943.9812,-320649.1468,0
2024-10-25,115890.6812,673135.9,789026.5812,-320649.1468,0
2024-10-28,115890.6812,683509.8,799400.4812,-320649.1468,0
2024-10-29,115890.6812,667505.5,783396.1812,-320649.1468,0
2024-10-30,115890.6812,664500.3,780390.9812,-320649.1468,0
2024-10-31,115890.6812,676365.0,792255.6812,-320649.1468,0
2024-11-01,115890.6812,639012.0,754902.6812,-320649.1468,0
2024-11-04,115890.6812,663475.0,779365.6812,-320649.1468,0
2024-11-05,115890.6812,678991.9,794882.5812,-320649.1468,0
2024-11-06,115890.6812,694119.4,810010.0812,-320649.1468,0
2024-11-07,115890.6812,704488.9,820379.5812,-320649.1468,0
2024-11-08,115890.6812,694669.5,810560.1812,-320649.1468,0
2024-11-11,115890.6812,712585.4,828476.0812,-320649.1468,0
2024-11-12,115890.6812,701938.9,817829.5812,-320649.1468,0
2024-11-13,115890.6812,708954.0,824844.6812,-320649.1468,0
2024-11-14,115890.6812,688196.4,804087.0812,-320649.1468,0
2024-11-15,115890.6812,675607.5,791498.1812,-320649.1468,0
2024-11-18,115890.6812,649399.9,765290.5812,-320649.1468,0
2024-11-19,115890.6812,657895.8,773786.4812,-320649.1468,0
2024-11-20,115934.5891,676742.8,792677.3891,-285183.4553,8
2024-11-21,115934.5891,670872.5,786807.0891,-285183.4553,0
2024-11-22,115934.5891,649871.8,765806.3891,-285183.4553,0
2024-11-25,115934.5891,669029.3,784963.8891,-285183.4553,0
2024-11-26,115934.5891,651605.3,767539.8891,-285183.4553,0
2024-11-27,115934.5891,665507.4,781441.9891,-285183.4553,0
2024-11-28,115934.5891,671995.8,787930.3891,-285183.4553,0
2024-11-29,115934.5891,687620.4,803554.9891,-285183.4553,0
2024-12-02,115934.5891,701579.0,817513.5891,-285183.4553,0
2024-12-03,115934.5891,703430.4,819364.9891,-285183.4553,0
2024-12-04,115934.5891,689840.5,805775.0891,-285183.4553,0
2024-12-05,115934.5891,704282.5,820217.0891,-285183.4553,0
2024-12-06,115934.5891,710610.8,826545.3891,-285183.4553,0
2024-12-09,115934.5891,727792.4,843726.9891,-285183.4553,0
2024-12-10,115934.5891,736686.4,852620.9891,-285183.4553,0
2024-12-11,115934.5891,749976.9,865911.4891,-285183.4553,0
2024-12-12,115934.5891,746072.4,862006.9891,-285183.4553,0
2024-12-13,115934.5891,747118.0,863052.5891,-285183.4553,0
2024-12-16,115934.5891,750344.0,866278.5891,-285183.4553,0
2024-12-17,115934.5891,711162.8,827097.3891,-285183.4553,0
2024-12-18,116202.785,706097.3,822300.085,-262156.8108,7
2024-12-19,116202.785,705479.7,821682.485,-262156.8108,0
2024-12-20,116202.785,715115.8,831318.585,-262156.8108,0
2024-12-23,116202.785,671508.8,787711.585,-262156.8108,0
2024-12-24,116202.785,687453.9,803656.685,-262156.8108,0
2024-12-25,116202.785,667926.9,784129.685,-262156.8108,0
2024-12-26,116202.785,685650.9,801853.685,-262156.8108,0
2024-12-27,116202.785,695041.0,811243.785,-262156.8108,0
2024-12-30,116202.785,680322.8,796525.585,-262156.8108,0
2024-12-31,116202.785,662346.6,778549.385,-262156.8108,0
2025-01-02,116202.785,651704.4,767907.185,-262156.8108,0
2025-01-03,116202.785,620376.6,736579.385,-262156.8108,0
2025-01-06,116202.785,614828.7,731031.485,-262156.8108,0
2025-01-07,116202.785,638505.2,754707.985,-262156.8108,0
2025-01-08,116202.785,642284.4,758487.185,-262156.8108,0
2025-01-09,116202.785,655965.4,772168.185,-262156.8108,0
2025-01-10,116202.785,650162.1,766364.885,-262156.8108,0
2025-01-13,116202.785,659637.3,775840.085,-262156.8108,0
2025-01-14,116202.785,702846.7,819049.485,-262156.8108,0
2025-01-15,116202.785,711817.6,828020.385,-262156.8108,0
2025-01-16,123467.155,713879.1,837346.255,-246538.4236,10
2025-01-17,123467.155,737240.0,860707.155,-246538.4236,0
2025-01-20,123467.155,733780.7,857247.855,-246538.4236,0
2025-01-21,123467.155,751453.3,874920.455,-246538.4236,0
2025-01-22,123467.155,763438.2,886905.355,-246538.4236,0
2025-01-23,123467.155,756198.7,879665.855,-246538.4236,0
2025-01-24,123467.155,773080.8,896547.955,-246538.4236,0
2025-01-27,123467.155,761637.9,885105.055,-246538.4236,0
2025-02-05,123467.155,747234.3,870701.455,-246538.4236,0
2025-02-06,123467.155,774760.2,898227.355,-246538.4236,0
2025-02-07,123467.155,776264.7,899731.855,-246538.4236,0
2025-02-10,123467.155,779972.0,903439.155,-246538.4236,0
2025-02-11,123467.155,788914.0,912381.155,-246538.4236,0
2025-02-12,123467.155,799950.2,923417.355,-246538.4236,0
2025-02-13,123467.155,778380.0,901847.155,-246538.4236,0
2025-02-14,123467.155,771729.7,895196.855,-246538.4236,0
2025-02-17,123467.155,801274.2,924741.355,-246538.4236,0
2025-02-18,123467.155,796936.0,920403.155,-246538.4236,0
2025-02-19,123467.155,855123.4,978590.555,-246538.4236,0
2025-02-20,123467.155,874777.9,998245.055,-246538.4236,0
2025-02-21,146546.874,882342.5,1028889.374,-108461.1168,11
2025-02-24,146546.874,867712.1,1014258.974,-108461.1168,0
2025-02-25,146546.874,871542.7,1018089.574,-108461.1168,0
2025-02-26,146546.874,892696.7,1039243.574,-108461.1168,0
2025-02-27,146546.874,891568.9,1038115.774,-108461.1168,0
2025-02-28,146546.874,842394.9,988941.774,-108461.1168,0
2025-03-03,146546.874,842756.5,989303.374,-108461.1168,0
2025-03-04,146546.874,853807.7,1000354.574,-108461.1168,0
2025-03-05,146546.874,854608.5,1001155.374,-108461.1168,0
2025-03-06,146546.874,861974.9,1008521.774,-108461.1168,0
2025-03-07,146546.874,857137.7,1003684.574,-108461.1168,0
2025-03-10,146546.874,861775.7,1008322.574,-108461.1168,0
2025-03-11,146546.874,877018.1,1023564.974,-108461.1168,0
2025-03-12,146546.874,893477.9,1040024.774,-108461.1168,0
2025-03-13,146546.874,864075.7,1010622.574,-108461.1168,0
2025-03-14,146546.874,871899.7,1018446.574,-108461.1168,0
2025-03-17,146546.874,885900.1,1032446.974,-108461.1168,0
2025-03-18,146546.874,901455.7,1048002.574,-108461.1168,0
2025-03-19,146546.874,909745.9,1056292.774,-108461.1168,0
2025-03-20,146546.874,920936.5,1067483.374,-108461.1168,0
2025-03-21,148648.7219,891257.3,1039906.0219,-49346.1679,12
2025-03-24,148648.7219,856719.6,1005368.3219,-49346.1679,0
2025-03-25,148648.7219,855889.8,1004538.5219,-49346.1679,0
2025-03-26,148648.7219,867791.2,1016439.9219,-49346.1679,0
2025-03-27,148648.7219,867360.8,1016009.5219,-49346.1679,0
2025-03-28,148648.7219,873854.8,1022503.5219,-49346.1679,0
2025-03-31,148648.7219,863266.1,1011914.8219,-49346.1679,0
2025-04-01,148648.7219,886733.4,1035382.1219,-49346.1679,0
2025-04-02,148648.7219,909036.7,1057685.4219,-49346.1679,0
2025-04-03,148648.7219,910435.3,1059084.0219,-49346.1679,0
2025-04-07,148648.7219,817029.8,965678.5219,-49346.1679,0
2025-04-08,148648.7219,756663.9,905312.6219,-49346.1679,0
2025-04-09,148648.7219,762297.5,910946.2219,-49346.1679,0
2025-04-10,148648.7219,788384.9,937033.6219,-49346.1679,0
2025-04-11,148648.7219,797678.6,946327.3219,-49346.1679,0
2025-04-14,148648.7219,814158.5,962807.2219,-49346.1679,0
2025-04-15,148648.7219,819889.9,968538.6219,-49346.1679,0
2025-04-16,148648.7219,806116.9,954765.6219,-49346.1679,0
2025-04-17,148648.7219,806210.1,954858.8219,-49346.1679,0
2025-04-18,148648.7219,797958.7,946607.4219,-49346.1679,0
2025-04-21,162177.6677,806184.0,968361.6677,-38917.9512,11
2025-04-22,162177.6677,807294.8,969472.4677,-38917.9512,0
2025-04-23,162177.6677,825368.7,987546.3677,-38917.9512,0
2025-04-24,162177.6677,820061.1,982238.7677,-38917.9512,0
2025-04-25,162177.6677,820800.3,982977.9677,-38917.9512,0
2025-04-28,162177.6677,793914.0,956091.6677,-38917.9512,0
2025-04-29,162177.6677,792010.6,954188.2677,-38917.9512,0
2025-04-30,162177.6677,798238.7,960416.3677,-38917.9512,0
2025-05-06,162177.6677,821548.5,983726.1677,-38917.9512,0
2025-05-07,162177.6677,823150.6,985328.2677,-38917.9512,0
2025-05-08,162177.6677,827842.4,990020.0677,-38917.9512,0
2025-05-09,162177.6677,821998.4,984176.0677,-38917.9512,0
2025-05-12,162177.6677,827931.9,990109.5677,-38917.9512,0
2025-05-13,162177.6677,831537.7,993715.3677,-38917.9512,0
2025-05-14,162177.6677,842799.3,1004976.9677,-38917.9512,0
2025-05-15,162177.6677,854762.7,1016940.3677,-38917.9512,0
2025-05-16,162177.6677,883093.8,1045271.4677,-38917.9512,0
2025-05-19,162177.6677,860792.0,1022969.6677,-38917.9512,0
2025-05-20,162177.6677,860531.3,1022708.9677,-38917.9512,0
2025-05-21,162177.6677,844683.0,1006860.6677,-38917.9512,0
2025-05-22,143312.2678,847375.3,990687.5678,-17937.6895,12
2025-05-23,143312.2678,835895.3,979207.5678,-17937.6895,0
2025-05-26,143312.2678,839664.1,982976.3678,-17937.6895,0
2025-05-27,143312.2678,842341.3,985653.5678,-17937.6895,0
2025-05-28,143312.2678,835059.1,978371.3678,-17937.6895,0
2025-05-29,143312.2678,847967.6,991279.8678,-17937.6895,0
2025-05-30,143312.2678,848678.3,991990.5678,-17937.6895,0
2025-06-03,143312.2678,861375.6,1004687.8678,-17937.6895,0
2025-06-04,143312.2678,867328.6,1010640.8678,-17937.6895,0
2025-06-05,143312.2678,861433.2,1004745.4678,-17937.6895,0
2025-06-06,143312.2678,862136.5,1005448.7678,-17937.6895,0
2025-06-09,143312.2678,874116.3,1017428.5678,-17937.6895,0
2025-06-10,143312.2678,861474.6,1004786.8678,-17937.6895,0
2025-06-11,143312.2678,878853.2,1022165.4678,-17937.6895,0
2025-06-12,143312.2678,885035.3,1028347.5678,-17937.6895,0
2025-06-13,143312.2678,877642.9,1020955.1678,-17937.6895,0
2025-06-16,143312.2678,894631.4,1037943.6678,-17937.6895,0
2025-06-17,143312.2678,878531.9,1021844.1678,-17937.6895,0
2025-06-18,143312.2678,864482.6,1007794.8678,-17937.6895,0
2025-06-19,143312.2678,837923.0,981235.2678,-17937.6895,0
2025-06-20,143945.4649,835115.4,979060.8649,-34057.5027,10
2025-06-23,143945.4649,854501.3,998446.7649,-34057.5027,0
2025-06-24,143945.4649,868772.1,1012717.5649,-34057.5027,0
2025-06-25,143945.4649,870931.0,1014876.4649,-34057.5027,0
2025-06-26,143945.4649,861049.0,1004994.4649,-34057.5027,0
2025-06-27,143945.4649,864320.9,1008266.3649,-34057.5027,0
2025-06-30,143945.4649,873449.6,1017395.0649,-34057.5027,0
2025-07-01,143945.4649,883049.1,1026994.5649,-34057.5027,0
2025-07-02,143945.4649,879866.5,1023811.9649,-34057.5027,0
2025-07-03,143945.4649,893376.8,1037322.2649,-34057.5027,0
2025-07-04,143945.4649,873209.2,1017154.6649,-34057.5027,0
2025-07-07,143945.4649,879068.1,1023013.5649,-34057.5027,0
2025-07-08,143945.4649,888872.2,1032817.6649,-34057.5027,0
2025-07-09,143945.4649,901295.4,1045240.8649,-34057.5027,0
2025-07-10,143945.4649,905264.7,1049210.1649,-34057.5027,0
2025-07-11,143945.4649,902402.9,1046348.3649,-34057.5027,0
2025-07-14,143945.4649,918717.9,1062663.3649,-34057.5027,0
2025-07-15,143945.4649,908040.0,1051985.4649,-34057.5027,0
2025-07-16,143945.4649,910428.1,1054373.5649,-34057.5027,0
2025-07-17,143945.4649,915130.3,1059075.7649,-34057.5027,0
2025-07-18,149779.3544,906387.4,1056166.7544,-27543.1938,6
2025-07-21,149779.3544,920385.0,1070164.3544,-27543.1938,0
2025-07-22,149779.3544,914068.4,1063847.7544,-27543.1938,0
2025-07-23,149779.3544,917741.0,1067520.3544,-27543.1938,0
2025-07-24,149779.3544,929064.4,1078843.7544,-27543.1938,0
2025-07-25,149779.3544,947003.5,1096782.8544,-27543.1938,0
2025-07-28,149779.3544,967365.3,1117144.6544,-27543.1938,0
2025-07-29,149779.3544,959250.5,1109029.8544,-27543.1938,0
2025-07-30,149779.3544,951006.6,1100785.9544,-27543.1938,0
2025-07-31,149779.3544,925777.2,1075556.5544,-27543.1938,0
2025-08-01,149779.3544,934920.7,1084700.0544,-27543.1938,0
2025-08-04,149779.3544,961035.3,1110814.6544,-27543.1938,0
2025-08-05,149779.3544,981529.5,1131308.8544,-27543.1938,0
2025-08-06,149779.3544,981004.6,1130783.9544,-27543.1938,0
2025-08-07,149779.3544,981803.1,1131582.4544,-27543.1938,0
2025-08-08,149779.3544,983607.1,1133386.4544,-27543.1938,0
2025-08-11,149779.3544,987763.9,1137543.2544,-27543.1938,0
2025-08-12,149779.3544,994186.8,1143966.1544,-27543.1938,0
2025-08-13,149779.3544,996279.2,1146058.5544,-27543.1938,0
2025-08-14,149779.3544,973922.6,1123701.9544,-27543.1938,0
2025-08-15,168800.1711,967881.2,1136681.3711,61727.3315,15
2025-08-18,168800.1711,1006390.5,1175190.6711,61727.3315,0
2025-08-19,168800.1711,1030772.5,1199572.6711,61727.3315,0
2025-08-20,168800.1711,1031421.7,1200221.8711,61727.3315,0
2025-08-21,168800.1711,1009929.0,1178729.1711,61727.3315,0
2025-08-22,168800.1711,1033385.6,1202185.7711,61727.3315,0
2025-08-25,168800.1711,1033272.5,1202072.6711,61727.3315,0
2025-08-26,168800.1711,1031895.6,1200695.7711,61727.3315,0
2025-08-27,168800.1711,1018061.2,1186861.3711,61727.3315,0
2025-08-28,168800.1711,1025988.6,1194788.7711,61727.3315,0
2025-08-29,168800.1711,1030683.7,1199483.8711,61727.3315,0
2025-09-01,168800.1711,1036962.0,1205762.1711,61727.3315,0
2025-09-02,168800.1711,1005831.1,1174631.2711,61727.3315,0
2025-09-03,168800.1711,981730.1,1150530.2711,61727.3315,0
2025-09-04,168800.1711,950364.7,1119164.8711,61727.3315,0
2025-09-05,168800.1711,983819.6,1152619.7711,61727.3315,0
2025-09-08,168800.1711,990021.5,1158821.6711,61727.3315,0
2025-09-09,168800.1711,971005.1,1139805.2711,61727.3315,0
2025-09-10,168800.1711,977418.2,1146218.3711,61727.3315,0
2025-09-11,168800.1711,998921.7,1167721.8711,61727.3315,0
2025-09-12,202308.4165,955721.5,1158029.9165,73875.1236,8
2025-09-15,202308.4165,974585.2,1176893.6165,73875.1236,0
2025-09-16,202308.4165,996462.5,1198770.9165,73875.1236,0
2025-09-17,202308.4165,991727.7,1194036.1165,73875.1236,0
2025-09-18,202308.4165,959524.7,1161833.1165,73875.1236,0
2025-09-19,202308.4165,947290.7,1149599.1165,73875.1236,0
2025-09-22,202308.4165,947424.1,1149732.5165,73875.1236,0
2025-09-23,202308.4165,927432.5,1129740.9165,73875.1236,0
2025-09-24,202308.4165,937550.7,1139859.1165,73875.1236,0
2025-09-25,202308.4165,932720.7,1135029.1165,73875.1236,0
2025-09-26,202308.4165,918647.2,1120955.6165,73875.1236,0
2025-09-29,202308.4165,927939.7,1130248.1165,73875.1236,0
2025-09-30,202308.4165,926474.2,1128782.6165,73875.1236,0
2025-10-09,202308.4165,920411.2,1122719.6165,73875.1236,0
2025-10-10,202308.4165,925277.5,1127585.9165,73875.1236,0
2025-10-13,202308.4165,925378.2,1127686.6165,73875.1236,0
2025-10-14,202308.4165,909903.2,1112211.6165,73875.1236,0
2025-10-15,202308.4165,944037.1,1146345.5165,73875.1236,0
2025-10-16,202308.4165,930353.2,1132661.6165,73875.1236,0
2025-10-17,202308.4165,910132.0,1112440.4165,73875.1236,0
2025-10-20,179138.7292,943997.1,1123135.8292,65591.0226,12
2025-10-21,179138.7292,949231.6,1128370.3292,65591.0226,0
2025-10-22,179138.7292,937059.3,1116198.0292,65591.0226,0
2025-10-23,179138.7292,940406.1,1119544.8292,65591.0226,0
2025-10-24,179138.7292,943517.6,1122656.3292,65591.0226,0
2025-10-27,179138.7292,951121.8,1130260.5292,65591.0226,0
2025-10-28,179138.7292,967199.0,1146337.7292,65591.0226,0
2025-10-29,179138.7292,956580.3,1135719.0292,65591.0226,0
2025-10-30,179138.7292,952284.1,1131422.8292,65591.0226,0
2025-10-31,179138.7292,953259.6,1132398.3292,65591.0226,0
2025-11-03,179138.7292,968350.1,1147488.8292,65591.0226,0
2025-11-04,179138.7292,966663.1,1145801.8292,65591.0226,0
2025-11-05,179138.7292,980026.8,1159165.5292,65591.0226,0
2025-11-06,179138.7292,994600.5,1173739.2292,65591.0226,0
2025-11-07,179138.7292,996263.8,1175402.5292,65591.0226,0
2025-11-10,179138.7292,982993.0,1162131.7292,65591.0226,0
2025-11-11,179138.7292,979494.3,1158633.0292,65591.0226,0
2025-11-12,179138.7292,991687.3,1170826.0292,65591.0226,0
2025-11-13,179138.7292,1004393.8,1183532.5292,65591.0226,0
2025-11-14,179138.7292,1014329.1,1193467.8292,65591.0226,0
2025-11-17,174664.9396,1014172.6,1188837.5396,88449.5299,14
2025-11-18,174664.9396,989452.9,1164117.8396,88449.5299,0
2025-11-19,174664.9396,978462.7,1153127.6396,88449.5299,0
2025-11-20,174664.9396,965575.1,1140240.0396,88449.5299,0
2025-11-21,174664.9396,912536.1,1087201.0396,88449.5299,0
2025-11-24,174664.9396,936469.1,1111134.0396,88449.5299,0
2025-11-25,174664.9396,959556.3,1134221.2396,88449.5299,0
2025-11-26,174664.9396,968872.8,1143537.7396,88449.5299,0
2025-11-27,174664.9396,986561.0,1161225.9396,88449.5299,0
2025-11-28,174664.9396,1020053.9,1194718.8396,88449.5299,0
2025-12-01,174664.9396,1027378.9,1202043.8396,88449.5299,0
2025-12-02,174664.9396,1048428.3,1223093.2396,88449.5299,0
2025-12-03,174664.9396,1035118.2,1209783.1396,88449.5299,0
2025-12-04,174664.9396,1016122.8,1190787.7396,88449.5299,0
2025-12-05,174664.9396,1024383.1,1199048.0396,88449.5299,0
2025-12-08,174664.9396,1043005.0,1217669.9396,88449.5299,0
2025-12-09,174664.9396,1031801.8,1206466.7396,88449.5299,0
2025-12-10,174664.9396,1049705.0,1224369.9396,88449.5299,0
2025-12-11,174664.9396,1014396.9,1189061.8396,88449.5299,0
2025-12-12,174664.9396,999087.5,1173752.4396,88449.5299,0
2025-12-15,181444.5001,980470.5,1161915.0001,91243.7765,11
2025-12-16,181444.5001,946709.6,1128154.1001,91243.7765,0
2025-12-17,181444.5001,957940.3,1139384.8001,91243.7765,0
2025-12-18,181444.5001,968732.9,1150177.4001,91243.7765,0
2025-12-19,181444.5001,995537.1,1176981.6001,91243.7765,0
2025-12-22,181444.5001,981575.6,1163020.1001,91243.7765,0
2025-12-23,181444.5001,983732.9,1165177.4001,91243.7765,0
2025-12-24,181444.5001,1023853.9,1205298.4001,91243.7765,0
2025-12-25,181444.5001,1030410.0,1211854.5001,91243.7765,0
2025-12-26,181444.5001,1017102.9,1198547.4001,91243.7765,0
2025-12-29,181444.5001,999560.1,1181004.6001,91243.7765,0
2025-12-30,181444.5001,992670.6,1174115.1001,91243.7765,0
2025-12-31,181444.5001,1001057.4,1182501.9001,91243.7765,0
2026-01-05,181444.5001,1006735.1,1188179.6001,91243.7765,0
2026-01-06,181444.5001,1010987.5,1192432.0001,91243.7765,0
2026-01-07,181444.5001,1021601.2,1203045.7001,91243.7765,0
2026-01-08,181444.5001,1039105.1,1220549.6001,91243.7765,0
2026-01-09,181444.5001,1060744.9,1242189.4001,91243.7765,0
2026-01-12,181444.5001,1065995.3,1247439.8001,91243.7765,0
2026-01-13,181444.5001,1067343.9,1248788.4001,91243.7765,0
2026-01-14,184405.2913,1059663.3,1244068.5913,129860.286,11
2026-01-15,184405.2913,1062278.8,1246684.0913,129860.286,0
2026-01-16,184405.2913,1066330.3,1250735.5913,129860.286,0
2026-01-19,184405.2913,1078748.8,1263154.0913,129860.286,0
2026-01-20,184405.2913,1065207.7,1249612.9913,129860.286,0
2026-01-21,184405.2913,1075552.8,1259958.0913,129860.286,0
2026-01-22,184405.2913,1073797.9,1258203.1913,129860.286,0
2026-01-23,184405.2913,1085494.0,1269899.2913,129860.286,0
2026-01-26,184405.2913,1060617.0,1245022.2913,129860.286,0
2026-01-27,184405.2913,1061979.9,1246385.1913,129860.286,0
2026-01-28,184405.2913,1042822.0,1227227.2913,129860.286,0
2026-01-29,184405.2913,1021816.7,1206221.9913,129860.286,0
2026-01-30,184405.2913,1029476.8,1213882.0913,129860.286,0
2026-02-02,184405.2913,1014615.2,1199020.4913,129860.286,0
2026-02-03,184405.2913,1042779.8,1227185.0913,129860.286,0
2026-02-04,184405.2913,1049081.2,1233486.4913,129860.286,0
2026-02-05,184405.2913,1043453.6,1227858.8913,129860.286,0
2026-02-06,184405.2913,1057914.6,1242319.8913,129860.286,0
2026-02-09,184405.2913,1088560.9,1272966.1913,129860.286,0
2026-02-10,184405.2913,1087727.0,1272132.2913,129860.286,0
2026-02-11,190306.8924,1085366.5,1275673.3924,137461.4254,12
2026-02-12,190306.8924,1082194.5,1272501.3924,137461.4254,0
2026-02-13,190306.8924,1081716.6,1272023.4924,137461.4254,0
2026-02-24,190306.8924,1087443.9,1277750.7924,137461.4254,0
2026-02-25,190306.8924,1099952.4,1290259.2924,137461.4254,0
2026-02-26,190306.8924,1107529.1,1297835.9924,137461.4254,0
2026-02-27,190306.8924,1121167.6,1311474.4924,137461.4254,0
2026-03-02,190306.8924,1108076.8,1298383.6924,137461.4254,0
2026-03-03,190306.8924,1076221.5,1266528.3924,137461.4254,0
2026-03-04,190306.8924,1086905.1,1277211.9924,137461.4254,0
2026-03-05,190306.8924,1089300.9,1279607.7924,137461.4254,0
2026-03-06,190306.8924,1112514.3,1302821.1924,137461.4254,0
2026-03-09,190306.8924,1088336.5,1278643.3924,137461.4254,0
2026-03-10,190306.8924,1111986.7,1302293.5924,137461.4254,0
2026-03-11,190306.8924,1101156.9,1291463.7924,137461.4254,0
2026-03-12,190306.8924,1078185.6,1268492.4924,137461.4254,0
2026-03-13,190306.8924,1075031.8,1265338.6924,137461.4254,0
2026-03-16,190306.8924,1060419.5,1250726.3924,137461.4254,0
2026-03-17,190306.8924,1024604.6,1214911.4924,137461.4254,0
2026-03-18,190306.8924,1061373.8,1251680.6924,137461.4254,0
2026-03-19,189539.6731,1026164.1,1215703.7731,175043.6753,13
2026-03-20,189539.6731,991473.7,1181013.3731,175043.6753,0
2026-03-23,189539.6731,927107.6,1116647.2731,175043.6753,0
2026-03-24,189539.6731,959125.4,1148665.0731,175043.6753,0
2026-03-25,189539.6731,984627.0,1174166.6731,175043.6753,0
2026-03-26,189539.6731,984126.6,1173666.2731,175043.6753,0
2026-03-27,189539.6731,998532.1,1188071.7731,175043.6753,0
2026-03-30,189539.6731,1006986.8,1196526.4731,175043.6753,0
2026-03-31,189539.6731,990066.3,1179605.9731,175043.6753,0
2026-04-01,189539.6731,1024243.3,1213782.9731,175043.6753,0
2026-04-02,189539.6731,1012952.7,1202492.3731,175043.6753,0
2026-04-03,189539.6731,977192.8,1166732.4731,175043.6753,0
2026-04-07,189539.6731,970070.1,1159609.7731,175043.6753,0
2026-04-08,189539.6731,1012271.3,1201810.9731,175043.6753,0
2026-04-09,189539.6731,1007704.9,1197244.5731,175043.6753,0
2026-04-10,189539.6731,1010772.1,1200311.7731,175043.6753,0
2026-04-13,189539.6731,1037390.6,1226930.2731,175043.6753,0
2026-04-14,189539.6731,1065929.0,1255468.6731,175043.6753,0
2026-04-15,189539.6731,1046004.6,1235544.2731,175043.6753,0
2026-04-16,189539.6731,1062797.8,1252337.4731,175043.6753,0
2026-04-17,196380.3467,1082102.6,1278482.9467,112321.7206,8
2026-04-20,196380.3467,1123213.3,1319593.6467,112321.7206,0
2026-04-21,196380.3467,1172054.5,1368434.8467,112321.7206,0
2026-04-22,196380.3467,1196254.6,1392634.9467,112321.7206,0
2026-04-23,196380.3467,1186472.1,1382852.4467,112321.7206,0
2026-04-24,196380.3467,1194999.9,1391380.2467,112321.7206,0
2026-04-27,196380.3467,1206820.9,1403201.2467,112321.7206,0
2026-04-28,196380.3467,1199071.0,1395451.3467,112321.7206,0
2026-04-29,196380.3467,1248246.5,1444626.8467,112321.7206,0
2026-04-30,196380.3467,1263019.1,1459399.4467,112321.7206,0
2026-05-06,196380.3467,1260675.1,1457055.4467,112321.7206,0
2026-05-07,196380.3467,1296352.6,1492732.9467,112321.7206,0
2026-05-08,196380.3467,1319573.5,1515953.8467,112321.7206,0
2026-05-11,196380.3467,1321918.3,1518298.6467,112321.7206,0
2026-05-12,196380.3467,1325857.4,1522237.7467,112321.7206,0
2026-05-13,196380.3467,1316977.0,1513357.3467,112321.7206,0
2026-05-14,196380.3467,1335626.0,1532006.3467,112321.7206,0
2026-05-15,196380.3467,1355245.3,1551625.6467,112321.7206,0
2026-05-18,196380.3467,1348191.0,1544571.3467,112321.7206,0
2026-05-19,196380.3467,1373567.0,1569947.3467,112321.7206,0
2026-05-20,231100.107,1347885.8,1578985.907,393232.2073,10
2026-05-21,231100.107,1296619.0,1527719.107,393232.2073,0
2026-05-22,231100.107,1311481.2,1542581.307,393232.2073,0
2026-05-25,231100.107,1316102.4,1547202.507,393232.2073,0
2026-05-26,231100.107,1283923.0,1515023.107,393232.2073,0
2026-05-27,231100.107,1235937.0,1467037.107,393232.2073,0
2026-05-28,231100.107,1278986.2,1510086.307,393232.2073,0
2026-05-29,231100.107,1233160.8,1464260.907,393232.2073,0
2026-06-01,231100.107,1236755.6,1467855.707,393232.2073,0
2026-06-02,231100.107,1217257.2,1448357.307,393232.2073,0
2026-06-03,231100.107,1208268.8,1439368.907,393232.2073,0
2026-06-04,231100.107,1169937.8,1401037.907,393232.2073,0
2026-06-05,231100.107,1175049.8,1406149.907,393232.2073,0
2026-06-08,231100.107,1136713.4,1367813.507,393232.2073,0
2026-06-09,231100.107,1164134.2,1395234.307,393232.2073,0
2026-06-10,231100.107,1149951.0,1381051.107,393232.2073,0
2026-06-11,231100.107,1153534.4,1384634.507,393232.2073,0
2026-06-12,231100.107,1151289.0,1382389.107,393232.2073,0
2026-06-15,231100.107,1191786.0,1422886.107,393232.2073,0
2026-06-16,231100.107,1208010.8,1439110.907,393232.2073,0
2026-06-17,102671.9387,1321241.8,1423913.7387,269100.1282,11
2026-06-18,102671.9387,1373293.4,1475965.3387,269100.1282,0
2026-06-22,102671.9387,1333655.6,1436327.5387,269100.1282,0
2026-06-23,102671.9387,1353599.4,1456271.3387,269100.1282,0
2026-06-24,102671.9387,1352321.0,1454992.9387,269100.1282,0
2026-06-25,102671.9387,1337340.2,1440012.1387,269100.1282,0
2026-06-26,102671.9387,1296051.0,1398722.9387,269100.1282,0
2026-06-29,102671.9387,1260417.9,1363089.8387,269100.1282,0
2026-06-30,102671.9387,1317506.2,1420178.1387,269100.1282,0
2026-07-01,102671.9387,1309240.2,1411912.1387,269100.1282,0
2026-07-02,102671.9387,1275291.3,1377963.2387,269100.1282,0
2026-07-03,102671.9387,1298038.4,1400710.3387,269100.1282,0
2026-07-06,102671.9387,1264790.5,1367462.4387,269100.1282,0
2026-07-07,102671.9387,1224929.2,1327601.1387,269100.1282,0
2026-07-08,102671.9387,1180772.1,1283444.0387,269100.1282,0
2026-07-09,102671.9387,1183744.0,1286415.9387,269100.1282,0
2026-07-10,102671.9387,1174373.5,1277045.4387,269100.1282,0
2026-07-13,102671.9387,1114430.8,1217102.7387,269100.1282,0
2026-07-14,102671.9387,1129228.9,1231900.8387,269100.1282,0
2026-07-15,102671.9387,1100799.0,1203470.9387,269100.1282,0
2026-07-16,985556.4052,183134.0,1168690.4052,174245.1877,6
2026-07-17,985556.4052,164800.0,1150356.4052,174245.1877,0
2026-07-20,985556.4052,148320.0,1133876.4052,174245.1877,0
2026-07-21,985556.4052,161298.0,1146854.4052,174245.1877,0
2026-07-22,985556.4052,162946.0,1148502.4052,174245.1877,0
2026-07-23,985556.4052,164388.0,1149944.4052,174245.1877,0
2026-07-24,985556.4052,165418.0,1150974.4052,174245.1877,0
2026-07-27,985556.4052,178190.0,1163746.4052,174245.1877,0
2026-07-28,985556.4052,185091.0,1170647.4052,174245.1877,0
2026-07-29,985556.4052,187872.0,1173428.4052,174245.1877,0
2026-07-30,985556.4052,180868.0,1166424.4052,174245.1877,0
2026-07-31,985556.4052,198790.0,1184346.4052,174245.1877,0
2026-08-03,985556.4052,217227.0,1202783.4052,174245.1877,0
2026-08-04,985556.4052,222274.0,1207830.4052,174245.1877,0
2026-08-05,985556.4052,223819.0,1209375.4052,174245.1877,0
2026-08-06,985556.4052,233089.0,1218645.4052,174245.1877,0
2026-08-07,985556.4052,232471.0,1218027.4052,174245.1877,0
2026-08-10,985556.4052,231132.0,1216688.4052,174245.1877,0
2026-08-11,985556.4052,231853.0,1217409.4052,174245.1877,0
2026-08-12,985556.4052,221450.0,1207006.4052,174245.1877,0
2026-08-13,186001.0824,1028751.0,1214752.0824,193703.0021,8
2026-08-14,186001.0824,1038955.0,1224956.0824,193703.0021,0
2026-08-17,186001.0824,1056548.0,1242549.0824,193703.0021,0
2026-08-18,186001.0824,1056378.0,1242379.0824,193703.0021,0
2026-08-19,186001.0824,1056378.0,1242379.0824,193703.0021,0
