symbol,entry_date,exit_date,quantity,entry_price,exit_price,pnl,return_pct,cost,win
002875.SZ,2021-11-30,2022-01-26,17900,9.4828,9.3972,-1802.9809,-0.010622,269.5953,False
002909.SZ,2021-11-30,2022-01-26,23100,7.3322,6.4481,-20667.9429,-0.122026,244.4475,False
002915.SZ,2021-11-30,2022-01-26,7100,23.6871,17.6047,-43397.8928,-0.258047,212.9451,False
002915.SZ,2021-12-28,2022-01-26,700,20.6762,17.6047,-2171.0591,-0.150004,21.0203,False
002871.SZ,2021-11-30,2022-01-26,26100,6.4919,6.1881,-8190.08,-0.048336,260.7956,False
002896.SZ,2021-11-30,2022-01-26,11700,14.4943,12.1963,-27123.0634,-0.159939,236.3815,False
002875.SZ,2024-03-22,2024-04-23,9100,16.615,9.967,-60659.832,-0.401199,163.2686,False
002903.SZ,2024-03-22,2024-04-23,7300,20.8863,16.505,-32185.2579,-0.211093,202.3738,False
003025.SZ,2024-03-22,2024-04-23,13300,11.4214,8.8154,-34858.7306,-0.229477,197.989,False
603721.SH,2024-03-22,2024-04-23,1300,42.5228,26.8819,-20395.0803,-0.368944,62.0143,False
002896.SZ,2024-03-22,2024-04-23,2800,28.7486,23.9928,-13427.7842,-0.166813,111.4826,False
002896.SZ,2024-03-22,2024-05-24,2500,28.7486,23.8328,-12388.4532,-0.172369,99.0182,False
603721.SH,2024-03-22,2024-05-24,2200,42.5228,26.0822,-36271.936,-0.387728,102.66,False
603679.SH,2024-04-23,2024-05-24,5000,11.6135,10.8567,-3871.694,-0.066676,87.989,False
003015.SZ,2024-04-23,2024-05-24,6400,9.0547,9.934,5527.505,0.095384,100.0361,True
002883.SZ,2024-04-23,2024-05-24,6000,9.6579,9.6521,-127.4286,-0.002199,92.6706,False
003023.SZ,2024-04-23,2024-06-24,3800,15.3946,14.4657,-3619.0506,-0.061865,89.0102,False
003023.SZ,2024-05-24,2024-06-24,2500,16.1949,14.4657,-4382.1545,-0.108236,59.1595,False
002923.SZ,2024-04-23,2024-06-24,6000,9.6829,8.8773,-4920.0804,-0.084687,86.6724,False
002923.SZ,2024-05-24,2024-06-24,3600,10.6532,8.8773,-6446.1438,-0.168081,53.0514,False
003020.SZ,2024-05-24,2024-06-24,6300,16.3109,13.9958,-14730.5315,-0.143351,145.4532,False
002922.SZ,2024-04-23,2024-06-24,1700,15.7437,22.7982,11934.1293,0.445897,58.4132,True
003018.SZ,2024-04-23,2024-06-24,4700,6.1528,6.507,1616.3158,0.055892,48.4336,True
002917.SZ,2024-04-23,2024-06-24,2200,8.3665,8.4715,201.1367,0.010928,29.7503,True
003025.SZ,2024-06-24,2024-07-22,7700,9.3618,10.056,5222.8583,0.072453,122.2862,True
002922.SZ,2024-04-23,2024-07-22,2000,15.7437,17.2098,2878.0358,0.091403,54.1918,True
002922.SZ,2024-05-24,2024-07-22,1200,20.6012,17.2098,-4103.8754,-0.166005,34.2638,False
603679.SH,2024-06-24,2024-07-22,5800,12.4137,10.7168,-9944.6506,-0.138121,102.4044,False
002917.SZ,2024-04-23,2024-07-22,4800,8.3665,7.9306,-2153.8025,-0.053632,61.5348,False
002917.SZ,2024-05-24,2024-07-22,3800,9.4368,7.9306,-5773.5336,-0.161002,49.9352,False
003018.SZ,2024-04-23,2024-07-22,4800,6.1528,5.6063,-2667.1765,-0.09031,43.8435,False
003018.SZ,2024-05-24,2024-07-22,6400,6.4529,5.6063,-5477.3875,-0.132628,59.0342,False
603655.SH,2024-06-24,2024-07-22,5200,13.8742,13.6659,-1196.9876,-0.016591,114.0252,False
003016.SZ,2024-06-24,2024-07-22,11500,6.2719,6.3781,1104.3671,0.015312,116.9904,True
002875.SZ,2024-06-24,2024-08-19,6300,11.4534,11.2466,-1416.6599,-0.019633,113.7569,False
002915.SZ,2024-08-19,2024-09-18,5200,10.4331,8.8373,-8374.0774,-0.154354,76.0162,False
002871.SZ,2024-08-19,2024-09-18,7700,7.0421,7.2678,1648.9258,0.030409,89.0181,True
003025.SZ,2024-08-19,2024-09-18,5300,10.2871,9.965,-1792.0161,-0.032868,85.0154,False
003023.SZ,2024-08-19,2024-09-18,3600,14.8845,14.1857,-2597.8601,-0.048482,82.4645,False
002883.SZ,2024-08-19,2024-09-18,6300,8.6226,8.1675,-2949.922,-0.054304,83.1889,False
003020.SZ,2024-08-19,2024-09-18,3600,14.9125,13.0881,-6645.1976,-0.123782,77.3576,False
603655.SH,2024-08-19,2024-09-18,3800,14.3343,12.4163,-7366.1725,-0.135233,77.6775,False
003017.SZ,2024-08-19,2024-09-18,4500,12.1066,11.6575,-2105.6217,-0.03865,84.5403,False
002922.SZ,2024-09-18,2024-10-23,4000,18.6706,17.6997,-3998.0871,-0.053535,114.4431,False
003018.SZ,2024-09-18,2024-10-23,13200,5.6597,6.641,12816.916,0.17156,136.3721,True
002875.SZ,2024-09-18,2024-10-23,3000,11.7535,19.864,24243.4941,0.687552,88.0479,True
003015.SZ,2024-08-19,2024-10-23,2200,10.14,14.6526,9879.0371,0.442845,48.5989,True
603721.SH,2024-08-19,2024-10-23,1400,21.2264,30.4209,12808.0259,0.431001,64.2811,True
002909.SZ,2024-09-18,2024-10-23,6400,3.6711,4.6686,6338.0959,0.269763,45.8913,True
003016.SZ,2024-09-18,2024-10-23,2700,6.3819,7.3178,2496.0482,0.144857,30.8548,True
002875.SZ,2024-09-18,2024-11-20,3300,11.7535,13.8259,6767.7269,0.174486,70.9489,True
002871.SZ,2024-10-23,2024-11-20,7700,8.4225,9.0773,4931.2554,0.076037,110.3196,True
003015.SZ,2024-08-19,2024-11-20,3200,10.14,14.3727,13474.9417,0.415276,69.5248,True
003015.SZ,2024-09-18,2024-11-20,1300,11.0703,14.3727,4263.787,0.296273,29.2898,True
002909.SZ,2024-09-18,2024-11-20,1600,3.6711,5.4584,2844.1221,0.484208,15.4955,True
003016.SZ,2024-09-18,2024-11-20,1200,6.3819,8.6774,2736.868,0.357373,17.7104,True
603721.SH,2024-08-19,2024-12-18,1100,21.2264,32.4903,12336.8066,0.528365,53.4658,True
603721.SH,2024-09-18,2024-12-18,1100,20.7562,32.4903,12854.1169,0.562991,53.3106,True
003023.SZ,2024-11-20,2024-12-18,3200,20.9563,18.2445,-8773.6473,-0.130833,96.0153,False
002883.SZ,2024-10-23,2024-12-18,6200,10.5031,11.2766,4685.0638,0.071946,110.4254,True
603655.SH,2024-10-23,2024-12-18,400,19.3358,24.5526,2069.5919,0.267586,17.1413,True
002909.SZ,2024-09-18,2025-01-16,12400,3.6711,4.9385,15622.7054,0.343193,93.2654,True
002871.SZ,2024-12-18,2025-01-16,7600,9.1928,8.5374,-5085.7338,-0.072794,105.3094,False
603679.SH,2024-10-23,2025-01-16,4400,14.5544,12.5462,-8926.7482,-0.139395,90.9762,False
003016.SZ,2024-09-18,2025-01-16,7800,6.3819,8.0776,13129.3233,0.263753,96.8403,True
003017.SZ,2024-10-23,2025-01-16,4300,14.8825,15.0905,790.8807,0.012359,103.5541,True
003018.SZ,2024-12-18,2025-02-21,8900,7.7883,7.6337,-1485.2936,-0.021428,109.1169,False
003018.SZ,2025-01-16,2025-02-21,7200,7.3622,7.6337,1867.4548,0.03523,87.3539,True
603655.SH,2024-10-23,2025-02-21,2900,19.3358,22.5032,9083.9398,0.162,101.6594,True
603655.SH,2025-01-16,2025-02-21,2100,23.6371,22.5032,-2457.3934,-0.049506,76.3252,False
002896.SZ,2024-11-20,2025-02-21,2300,25.1876,74.7076,113655.307,1.961896,240.7551,True
002917.SZ,2024-12-18,2025-02-21,900,9.6959,15.4384,5146.7009,0.589791,21.5124,True
002922.SZ,2025-01-16,2025-02-21,2500,16.7,21.3086,11439.7145,0.274005,81.778,True
002915.SZ,2024-11-20,2025-02-21,2200,12.5338,15.3454,6133.4391,0.222433,52.1601,True
002915.SZ,2024-11-20,2025-03-21,3100,12.5338,13.426,2700.0941,0.069492,65.7631,True
002915.SZ,2025-01-16,2025-03-21,3300,13.8041,13.426,-1319.2212,-0.02896,71.2635,False
002922.SZ,2025-01-16,2025-03-21,4600,16.7,17.9896,5801.504,0.075521,130.6238,True
002917.SZ,2024-12-18,2025-03-21,6300,9.6959,13.9688,26786.5415,0.438518,132.7298,True
002896.SZ,2024-11-20,2025-03-21,200,25.1876,76.9369,10327.973,2.050214,21.8986,True
002903.SZ,2025-02-21,2025-03-21,1700,17.9554,24.5026,11067.0373,0.362567,63.3081,True
003025.SZ,2025-02-21,2025-03-21,1400,12.7548,14.3717,2232.0932,0.125,31.5135,True
002909.SZ,2025-02-21,2025-03-21,2500,5.3616,5.6883,793.4706,0.059196,23.2419,True
003017.SZ,2025-02-21,2025-03-21,400,17.3412,17.2308,-58.1219,-0.008379,13.9733,False
002871.SZ,2025-03-21,2025-04-21,9100,9.6429,8.6274,-9369.2645,-0.106772,128.3874,False
002896.SZ,2024-11-20,2025-04-21,100,25.1876,67.3498,4206.7124,1.670155,9.5111,True
002896.SZ,2025-01-16,2025-04-21,1100,31.5395,67.3498,39284.6448,1.132338,106.7182,True
003015.SZ,2025-02-21,2025-04-21,6200,15.5217,13.0931,-15191.6225,-0.157861,134.4004,False
002883.SZ,2025-03-21,2025-04-21,7900,11.1934,9.967,-9817.0386,-0.111018,128.8894,False
003017.SZ,2025-02-21,2025-04-21,5200,17.3412,16.69,-3526.165,-0.039104,139.8766,False
002903.SZ,2025-02-21,2025-05-22,3700,17.9554,20.4839,9236.8738,0.139036,118.4578,True
002903.SZ,2025-04-21,2025-05-22,900,19.8059,20.4839,580.808,0.032583,29.3137,True
003025.SZ,2025-02-21,2025-05-22,6200,12.7548,13.205,2661.1578,0.033652,130.1566,True
003025.SZ,2025-04-21,2025-05-22,800,12.9799,13.205,161.3824,0.015542,18.7332,True
603655.SH,2025-04-21,2025-05-22,4000,22.8469,23.5129,2514.6845,0.027517,149.6835,True
002909.SZ,2025-02-21,2025-05-22,2400,5.3616,6.4181,2511.2547,0.195157,24.2637,True
002875.SZ,2025-04-21,2025-05-22,1400,12.5338,14.3357,2491.3595,0.14198,31.3551,True
002923.SZ,2025-03-21,2025-05-22,600,12.4037,13.0361,364.3665,0.048959,15.0543,True
003018.SZ,2025-03-21,2025-05-22,900,8.5476,8.9683,363.2914,0.047225,15.3793,True
002909.SZ,2025-02-21,2025-06-20,13200,5.3616,5.8782,6697.3871,0.094632,122.1025,True
003023.SZ,2025-04-21,2025-06-20,5000,18.2555,18.9143,3143.9187,0.034444,150.3263,True
002923.SZ,2025-03-21,2025-06-20,6500,12.4037,12.3063,-761.36,-0.009443,128.1755,False
003020.SZ,2025-04-21,2025-06-20,3600,24.8575,17.6527,-26046.5693,-0.291066,109.4607,False
003020.SZ,2025-05-22,2025-06-20,800,19.0727,17.6527,-1159.3728,-0.075984,23.3588,False
003017.SZ,2025-05-22,2025-06-20,600,19.5509,22.7512,1898.0156,0.161802,22.1699,True
002915.SZ,2025-05-22,2025-07-18,4100,20.3561,19.5241,-3540.1541,-0.042417,129.1017,False
002915.SZ,2025-06-20,2025-07-18,800,16.8451,19.5241,2117.9661,0.157165,25.3051,True
002871.SZ,2025-05-22,2025-07-18,8300,10.103,10.147,229.9353,0.002742,134.6422,True
002883.SZ,2025-06-20,2025-07-18,7900,10.4731,11.4566,7626.5457,0.092177,142.4802,True
002875.SZ,2025-04-21,2025-08-15,5900,12.5338,17.1948,27346.3087,0.369799,154.0692,True
603721.SH,2025-07-18,2025-08-15,4300,20.4661,19.1942,-5602.8585,-0.063666,133.6971,False
003018.SZ,2025-03-21,2025-08-15,9400,8.5476,10.036,13844.4492,0.172308,146.7439,True
003015.SZ,2025-05-22,2025-08-15,5800,14.4413,16.698,12937.5856,0.154461,151.0308,True
003016.SZ,2025-06-20,2025-08-15,11600,7.1421,8.0676,10588.5555,0.127806,146.5137,True
003017.SZ,2025-05-22,2025-08-15,3700,19.5509,26.3501,25008.7023,0.345719,148.4454,True
002896.SZ,2025-07-18,2025-08-15,100,80.154,99.4402,1911.2634,0.238449,17.3486,True
603679.SH,2025-06-20,2025-08-15,500,13.5341,17.4148,1924.62,0.284411,15.7375,True
003023.SZ,2025-07-18,2025-08-15,300,19.5459,23.463,1161.3311,0.198052,13.798,True
002909.SZ,2025-08-15,2025-09-12,13900,6.9521,6.658,-4237.054,-0.043846,149.3003,False
002903.SZ,2025-08-15,2025-09-12,4400,21.7765,23.5829,7784.4855,0.081243,163.6393,True
002871.SZ,2025-08-15,2025-09-12,1200,13.6441,17.1249,4145.2961,0.25318,31.6267,True
002922.SZ,2025-08-15,2025-09-12,500,18.0974,20.7958,1331.0534,0.147099,18.1125,True
603655.SH,2025-06-20,2025-09-12,300,27.8183,38.0686,3056.1457,0.366203,18.9242,True
002915.SZ,2025-08-15,2025-10-20,3000,31.2294,25.0025,-18806.2232,-0.200732,125.6162,False
002915.SZ,2025-09-12,2025-10-20,400,28.8887,25.0025,-1572.4681,-0.13608,18.0013,False
002896.SZ,2025-07-18,2025-10-20,1000,80.154,88.5534,8260.2213,0.103054,139.1657,True
603679.SH,2025-06-20,2025-10-20,5600,13.5341,15.7453,12245.4468,0.161569,137.3628,True
003020.SZ,2025-08-15,2025-10-20,3700,25.5157,23.251,-8519.2901,-0.090239,140.1598,False
002875.SZ,2025-10-20,2025-11-17,6400,18.5856,17.0149,-10229.6002,-0.086001,177.2482,False
002871.SZ,2025-08-15,2025-11-17,5800,13.6441,14.9755,7585.5452,0.095855,136.656,True
002871.SZ,2025-10-20,2025-11-17,2000,15.1345,14.9755,-366.083,-0.012094,48.017,False
603721.SH,2025-09-12,2025-11-17,4300,22.6368,20.1939,-10646.3363,-0.109375,142.0856,False
603721.SH,2025-10-20,2025-11-17,1600,19.976,20.1939,297.1265,0.009296,51.5919,True
003017.SZ,2025-09-12,2025-11-17,3500,27.4002,27.2168,-794.4547,-0.008284,152.6068,False
003017.SZ,2025-10-20,2025-11-17,600,28.5916,27.2168,-851.2211,-0.04962,26.3756,False
002922.SZ,2025-08-15,2025-11-17,1700,18.0974,27.9536,16684.5053,0.54231,71.0072,True
003023.SZ,2025-07-18,2025-11-17,1000,19.5459,27.1319,7544.8608,0.386008,41.1352,True
003016.SZ,2025-10-20,2025-11-17,3200,8.6526,9.5771,2910.3519,0.105111,48.1473,True
603655.SH,2025-06-20,2025-11-17,900,27.8183,42.7072,13342.4785,0.532921,57.4784,True
002917.SZ,2025-11-17,2025-12-15,7100,14.2453,12.6972,-11138.924,-0.110132,147.5375,False
003023.SZ,2025-07-18,2025-12-15,3200,19.5459,22.5832,9606.845,0.153595,112.7102,True
003023.SZ,2025-10-20,2025-12-15,600,24.4573,22.5832,-1147.0821,-0.078169,22.6149,False
002883.SZ,2025-11-17,2025-12-15,8300,12.1636,10.7968,-11491.9549,-0.113829,146.7845,False
603655.SH,2025-06-20,2025-12-15,1700,27.8183,34.9195,11980.6431,0.253338,91.3595,True
603655.SH,2025-10-20,2025-12-15,700,35.4006,34.9195,-375.9781,-0.015172,39.2109,False
003018.SZ,2025-11-17,2025-12-15,800,11.2524,15.2654,3190.5225,0.354428,19.9129,True
003016.SZ,2025-10-20,2026-01-14,10600,8.6526,9.2872,6571.4578,0.071649,155.493,True
003016.SZ,2025-12-15,2026-01-14,2300,9.5529,9.2872,-645.3598,-0.029372,34.3602,False
002922.SZ,2025-08-15,2026-01-14,900,18.0974,38.2705,18106.1162,1.111645,49.6628,True
003018.SZ,2025-11-17,2026-01-14,800,11.2524,14.5066,2584.1117,0.287063,19.3059,True
002871.SZ,2025-12-15,2026-01-14,2300,15.2146,18.4145,7294.238,0.208446,65.5573,True
002903.SZ,2025-12-15,2026-01-14,1200,22.0766,24.6726,3068.7332,0.115836,46.4368,True
002909.SZ,2025-11-17,2026-01-14,4000,7.3022,7.3978,335.1289,0.011474,47.2311,True
603679.SH,2025-11-17,2026-01-14,1500,17.0751,17.2648,243.1968,0.009495,41.3502,True
003025.SZ,2025-11-17,2026-01-14,1700,14.2753,14.3867,150.3074,0.006194,39.075,True
002875.SZ,2026-01-14,2026-02-11,6000,17.5753,17.5647,-231.8924,-0.002199,168.6404,False
002896.SZ,2026-01-14,2026-02-11,1200,87.2562,81.5855,-6963.468,-0.066504,158.6856,False
002903.SZ,2025-12-15,2026-02-11,4300,22.0766,21.9434,-723.9283,-0.007626,151.1425,False
003025.SZ,2025-11-17,2026-02-11,5300,14.2753,14.3667,362.775,0.004795,121.6842,True
003025.SZ,2025-12-15,2026-02-11,2100,13.5751,14.3667,1614.6232,0.056638,47.7734,True
603679.SH,2025-11-17,2026-02-11,4400,17.0751,16.0552,-4602.1064,-0.061255,114.3748,False
603679.SH,2025-12-15,2026-02-11,1800,16.0048,16.0552,44.4759,0.001544,46.2117,True
002922.SZ,2025-08-15,2026-02-11,200,18.0974,41.9494,4755.921,1.313977,14.4757,True
003018.SZ,2025-11-17,2026-02-11,1700,11.2524,19.4692,13919.7652,0.727677,48.7655,True
002909.SZ,2025-11-17,2026-03-19,9800,7.3022,6.8879,-4168.9393,-0.058257,109.2207,False
002909.SZ,2025-12-15,2026-03-19,4500,6.732,6.8879,652.2304,0.02153,49.3826,True
002871.SZ,2025-12-15,2026-03-19,5800,15.2146,17.7047,14282.7525,0.161854,159.9667,True
603721.SH,2026-01-14,2026-03-19,5000,20.8262,20.3239,-2675.0697,-0.025689,163.3447,False
002922.SZ,2025-08-15,2026-03-19,2000,18.0974,36.601,36901.1565,1.019514,106.0211,True
002922.SZ,2025-10-20,2026-03-19,600,21.9586,36.601,8751.9097,0.664274,33.5488,True
002917.SZ,2026-02-11,2026-03-19,7700,14.0852,13.1471,-7388.0448,-0.06812,164.1389,False
603655.SH,2026-02-11,2026-03-19,2600,41.6825,38.0586,-9583.3475,-0.088428,161.1503,False
003025.SZ,2026-03-19,2026-04-17,9800,14.9655,13.6869,-12748.6064,-0.086925,218.3695,False
002923.SZ,2026-02-11,2026-04-17,6600,16.3849,12.5562,-25409.4758,-0.234967,140.1746,False
002923.SZ,2026-03-19,2026-04-17,2800,15.6947,12.5562,-8846.6182,-0.20131,58.8882,False
003015.SZ,2026-02-11,2026-04-17,6200,17.2482,16.1382,-7044.2531,-0.065872,162.1551,False
003015.SZ,2026-03-19,2026-04-17,2800,16.2879,16.1382,-491.6626,-0.010781,72.4247,False
003017.SZ,2026-02-11,2026-04-17,3900,27.2582,25.4594,-7176.3499,-0.067506,160.971,False
003017.SZ,2026-03-19,2026-04-17,1700,26.1158,25.4594,-1185.5875,-0.026704,69.5843,False
003018.SZ,2025-11-17,2026-05-20,4300,11.2524,58.0896,201060.6945,4.155416,339.2362,True
002903.SZ,2026-03-19,2026-05-20,3800,28.1684,47.1658,71925.0011,0.671944,265.1113,True
003023.SZ,2026-04-17,2026-05-20,3100,28.5085,29.901,4169.6646,0.047181,147.0141,True
002875.SZ,2026-03-19,2026-05-20,3900,19.5859,22.9531,12992.9404,0.170098,139.2878,True
603721.SH,2026-04-17,2026-05-20,3900,22.1266,23.0931,3626.1226,0.042021,142.97,True
002875.SZ,2026-03-19,2026-06-17,3600,19.5859,16.565,-10973.7191,-0.155635,98.6771,False
002875.SZ,2026-04-17,2026-06-17,2300,22.0666,16.565,-12718.4101,-0.250593,64.7554,False
002915.SZ,2026-05-20,2026-06-17,5500,24.1873,20.6938,-19401.9216,-0.145846,187.8696,False
002922.SZ,2026-05-20,2026-06-17,3000,44.7254,36.8889,-23693.5705,-0.176585,184.1197,False
003023.SZ,2026-04-17,2026-06-17,4500,28.5085,21.7935,-30383.8833,-0.23684,165.9783,False
603655.SH,2026-05-20,2026-06-17,3200,40.9623,31.8205,-29425.5657,-0.224487,171.6969,False
002871.SZ,2026-05-20,2026-07-16,6200,21.4264,17.6347,-23690.6405,-0.178335,181.9889,False
002871.SZ,2026-06-17,2026-07-16,4000,19.7959,17.6347,-8760.3716,-0.110633,115.4556,False
002896.SZ,2026-06-17,2026-07-16,2500,79.5939,71.5785,-20330.7031,-0.102172,292.3256,False
603721.SH,2026-04-17,2026-07-16,5900,22.1266,16.4751,-33509.8498,-0.256688,165.5278,False
002903.SZ,2026-03-19,2026-07-16,1400,28.1684,27.4917,-1009.2429,-0.025592,61.8657,False
002903.SZ,2026-04-17,2026-07-16,1500,32.0096,27.4917,-6844.7882,-0.142557,68.0132,False
002903.SZ,2026-06-17,2026-07-16,800,53.336,27.4917,-20716.7889,-0.485525,41.3921,False
003025.SZ,2026-06-17,2026-07-16,12100,16.605,11.8864,-57341.6684,-0.285395,247.2497,False
003018.SZ,2025-11-17,2026-07-16,1300,11.2524,46.786,46110.2042,3.152169,83.4567,True
003018.SZ,2026-03-19,2026-07-16,1100,21.8015,46.786,27408.7652,1.142904,74.0984,True
003018.SZ,2026-06-17,2026-07-16,1500,51.4974,46.786,-7181.6334,-0.092971,114.4065,False
603679.SH,2026-05-20,2026-08-13,4500,17.4452,22.3133,21752.2401,0.277086,154.0839,True
